,date,adm_1,lower_95,upper_95,lower_90,upper_90,lower_80,upper_80,lower_50,upper_50,preds
0,2025-10-05,AC,0.0,911.0,0.0,696.0,3.0,489.0,18.0,238.0,81.0
1,2025-10-05,AL,12.0,455.0,19.0,382.0,31.0,307.0,63.0,205.0,120.0
2,2025-10-05,AM,10.0,180.0,14.0,155.0,20.0,128.0,35.0,91.0,59.0
3,2025-10-05,AP,0.0,115.0,1.0,92.0,2.0,70.0,7.0,41.0,19.0
4,2025-10-05,BA,42.0,518.0,56.0,451.0,76.0,380.0,121.0,279.0,189.0
5,2025-10-05,CE,26.0,398.0,36.0,344.0,51.0,287.0,84.0,207.0,136.0
6,2025-10-05,DF,1.0,376.0,3.0,302.0,7.0,229.0,24.0,133.0,63.0
7,2025-10-05,ES,0.0,1115.0,1.0,858.0,4.0,610.0,26.0,306.0,110.0
8,2025-10-05,GO,208.0,911.0,242.0,829.0,284.0,740.0,367.0,606.0,477.0
9,2025-10-05,MA,3.0,85.0,5.0,72.0,7.0,59.0,14.0,41.0,25.0
10,2025-10-05,MG,23.0,900.0,38.0,756.0,62.0,608.0,124.0,404.0,237.0
11,2025-10-05,MS,7.0,173.0,10.0,147.0,16.0,121.0,29.0,83.0,52.0
12,2025-10-05,MT,21.0,222.0,28.0,194.0,37.0,165.0,57.0,124.0,86.0
13,2025-10-05,PA,7.0,250.0,11.0,211.0,18.0,170.0,36.0,114.0,67.0
14,2025-10-05,PB,14.0,280.0,21.0,240.0,30.0,199.0,53.0,140.0,90.0
15,2025-10-05,PE,25.0,702.0,38.0,594.0,59.0,484.0,111.0,329.0,200.0
16,2025-10-05,PI,5.0,62.0,7.0,54.0,10.0,46.0,16.0,35.0,24.0
17,2025-10-05,PR,2.0,529.0,4.0,425.0,10.0,321.0,33.0,187.0,88.0
18,2025-10-05,RJ,11.0,535.0,18.0,446.0,31.0,356.0,67.0,232.0,132.0
19,2025-10-05,RN,29.0,265.0,37.0,234.0,48.0,200.0,72.0,151.0,107.0
20,2025-10-05,RO,2.0,72.0,3.0,60.0,5.0,49.0,10.0,33.0,19.0
21,2025-10-05,RR,0.0,53.0,0.0,42.0,1.0,32.0,3.0,19.0,9.0
22,2025-10-05,RS,0.0,67.0,0.0,49.0,0.0,32.0,0.0,13.0,3.0
23,2025-10-05,SC,0.0,179.0,0.0,127.0,0.0,80.0,0.0,28.0,5.0
24,2025-10-05,SE,1.0,144.0,3.0,119.0,6.0,93.0,14.0,58.0,31.0
25,2025-10-05,SP,18.0,1703.0,34.0,1397.0,64.0,1088.0,159.0,676.0,355.0
26,2025-10-05,TO,2.0,88.0,4.0,74.0,6.0,60.0,13.0,40.0,24.0
27,2025-10-12,AC,0.0,1016.0,1.0,777.0,3.0,547.0,21.0,268.0,92.0
28,2025-10-12,AL,9.0,529.0,16.0,439.0,28.0,349.0,61.0,225.0,126.0
29,2025-10-12,AM,13.0,171.0,18.0,149.0,25.0,126.0,40.0,92.0,62.0
30,2025-10-12,AP,0.0,101.0,0.0,81.0,2.0,61.0,6.0,35.0,16.0
31,2025-10-12,BA,48.0,516.0,63.0,451.0,83.0,383.0,129.0,285.0,197.0
32,2025-10-12,CE,24.0,359.0,33.0,310.0,46.0,259.0,77.0,187.0,124.0
33,2025-10-12,DF,1.0,420.0,3.0,335.0,7.0,252.0,24.0,144.0,66.0
34,2025-10-12,ES,0.0,1189.0,2.0,920.0,6.0,659.0,32.0,337.0,126.0
35,2025-10-12,GO,258.0,934.0,293.0,858.0,337.0,775.0,419.0,650.0,526.0
36,2025-10-12,MA,2.0,97.0,4.0,82.0,7.0,66.0,14.0,44.0,26.0
37,2025-10-12,MG,32.0,1025.0,50.0,864.0,79.0,700.0,153.0,472.0,283.0
38,2025-10-12,MS,7.0,216.0,11.0,183.0,18.0,149.0,34.0,101.0,62.0
39,2025-10-12,MT,28.0,250.0,36.0,220.0,46.0,189.0,69.0,143.0,102.0
40,2025-10-12,PA,9.0,201.0,13.0,172.0,20.0,141.0,35.0,98.0,62.0
41,2025-10-12,PB,14.0,240.0,20.0,207.0,29.0,172.0,49.0,123.0,81.0
42,2025-10-12,PE,21.0,780.0,33.0,655.0,54.0,527.0,109.0,351.0,206.0
43,2025-10-12,PI,7.0,53.0,9.0,48.0,12.0,42.0,17.0,32.0,24.0
44,2025-10-12,PR,2.0,618.0,5.0,497.0,13.0,377.0,40.0,220.0,104.0
45,2025-10-12,RJ,11.0,576.0,19.0,480.0,33.0,382.0,71.0,249.0,141.0
46,2025-10-12,RN,36.0,242.0,44.0,216.0,55.0,188.0,77.0,147.0,108.0
47,2025-10-12,RO,3.0,85.0,4.0,72.0,7.0,59.0,14.0,40.0,25.0
48,2025-10-12,RR,0.0,52.0,0.0,41.0,1.0,31.0,3.0,18.0,9.0
49,2025-10-12,RS,0.0,76.0,0.0,57.0,0.0,39.0,1.0,18.0,5.0
50,2025-10-12,SC,0.0,187.0,0.0,135.0,0.0,87.0,1.0,34.0,7.0
51,2025-10-12,SE,1.0,156.0,2.0,127.0,4.0,98.0,12.0,59.0,30.0
52,2025-10-12,SP,18.0,1884.0,35.0,1543.0,68.0,1200.0,172.0,742.0,387.0
53,2025-10-12,TO,3.0,107.0,5.0,91.0,9.0,74.0,17.0,50.0,31.0
54,2025-10-19,AC,0.0,1012.0,1.0,776.0,3.0,549.0,22.0,271.0,95.0
55,2025-10-19,AL,7.0,485.0,13.0,401.0,23.0,317.0,53.0,202.0,111.0
56,2025-10-19,AM,12.0,169.0,17.0,146.0,24.0,123.0,38.0,90.0,60.0
57,2025-10-19,AP,0.0,120.0,0.0,92.0,0.0,65.0,3.0,33.0,12.0
58,2025-10-19,BA,50.0,485.0,64.0,426.0,85.0,364.0,128.0,273.0,191.0
59,2025-10-19,CE,25.0,298.0,34.0,260.0,46.0,220.0,72.0,162.0,111.0
60,2025-10-19,DF,1.0,367.0,3.0,295.0,7.0,223.0,23.0,129.0,61.0
61,2025-10-19,ES,0.0,1200.0,1.0,927.0,6.0,664.0,32.0,338.0,125.0
62,2025-10-19,GO,255.0,922.0,289.0,847.0,333.0,766.0,414.0,642.0,520.0
63,2025-10-19,MA,2.0,68.0,4.0,58.0,6.0,48.0,12.0,33.0,21.0
64,2025-10-19,MG,27.0,1163.0,45.0,973.0,74.0,780.0,153.0,514.0,297.0
65,2025-10-19,MS,4.0,275.0,8.0,228.0,14.0,181.0,32.0,117.0,65.0
66,2025-10-19,MT,24.0,274.0,32.0,239.0,43.0,203.0,67.0,150.0,103.0
67,2025-10-19,PA,7.0,194.0,11.0,165.0,17.0,134.0,32.0,92.0,57.0
68,2025-10-19,PB,15.0,205.0,21.0,178.0,29.0,150.0,46.0,109.0,74.0
69,2025-10-19,PE,14.0,941.0,26.0,779.0,46.0,615.0,104.0,393.0,216.0
70,2025-10-19,PI,6.0,45.0,8.0,40.0,10.0,35.0,14.0,28.0,20.0
71,2025-10-19,PR,3.0,633.0,8.0,513.0,16.0,393.0,47.0,235.0,116.0
72,2025-10-19,RJ,11.0,663.0,19.0,550.0,33.0,435.0,75.0,279.0,155.0
73,2025-10-19,RN,36.0,208.0,43.0,187.0,53.0,164.0,72.0,131.0,99.0
74,2025-10-19,RO,2.0,97.0,3.0,81.0,6.0,65.0,12.0,43.0,25.0
75,2025-10-19,RR,0.0,47.0,0.0,37.0,0.0,27.0,2.0,14.0,6.0
76,2025-10-19,RS,0.0,83.0,0.0,61.0,0.0,40.0,0.0,16.0,4.0
77,2025-10-19,SC,0.0,195.0,0.0,138.0,0.0,86.0,0.0,31.0,5.0
78,2025-10-19,SE,1.0,137.0,2.0,112.0,5.0,87.0,12.0,54.0,28.0
79,2025-10-19,SP,20.0,1888.0,37.0,1549.0,71.0,1207.0,177.0,749.0,394.0
80,2025-10-19,TO,4.0,125.0,6.0,105.0,10.0,86.0,19.0,58.0,35.0
81,2025-10-26,AC,0.0,969.0,2.0,755.0,6.0,547.0,31.0,286.0,112.0
82,2025-10-26,AL,5.0,502.0,9.0,411.0,18.0,320.0,45.0,198.0,103.0
83,2025-10-26,AM,16.0,179.0,22.0,156.0,29.0,133.0,45.0,99.0,68.0
84,2025-10-26,AP,0.0,119.0,0.0,94.0,1.0,69.0,4.0,37.0,15.0
85,2025-10-26,BA,42.0,519.0,56.0,451.0,76.0,380.0,121.0,279.0,189.0
86,2025-10-26,CE,18.0,360.0,26.0,308.0,38.0,254.0,66.0,178.0,113.0
87,2025-10-26,DF,2.0,377.0,4.0,306.0,10.0,234.0,28.0,140.0,69.0
88,2025-10-26,ES,0.0,1172.0,2.0,912.0,7.0,659.0,37.0,344.0,134.0
89,2025-10-26,GO,206.0,1060.0,244.0,957.0,293.0,846.0,390.0,679.0,521.0
90,2025-10-26,MA,5.0,80.0,7.0,69.0,10.0,58.0,17.0,42.0,27.0
91,2025-10-26,MG,29.0,1260.0,47.0,1053.0,78.0,843.0,163.0,554.0,319.0
92,2025-10-26,MS,6.0,314.0,10.0,262.0,18.0,208.0,38.0,136.0,77.0
93,2025-10-26,MT,28.0,302.0,37.0,264.0,49.0,224.0,76.0,167.0,116.0
94,2025-10-26,PA,7.0,261.0,11.0,220.0,19.0,177.0,37.0,119.0,70.0
95,2025-10-26,PB,16.0,203.0,22.0,177.0,30.0,149.0,48.0,110.0,75.0
96,2025-10-26,PE,4.0,1415.0,10.0,1131.0,24.0,850.0,81.0,487.0,223.0
97,2025-10-26,PI,4.0,59.0,6.0,51.0,8.0,43.0,13.0,32.0,21.0
98,2025-10-26,PR,3.0,724.0,8.0,585.0,17.0,446.0,51.0,264.0,128.0
99,2025-10-26,RJ,9.0,723.0,17.0,596.0,31.0,468.0,73.0,294.0,158.0
100,2025-10-26,RN,32.0,215.0,40.0,192.0,50.0,167.0,70.0,131.0,97.0
101,2025-10-26,RO,3.0,138.0,5.0,115.0,8.0,92.0,17.0,60.0,35.0
102,2025-10-26,RR,0.0,51.0,0.0,41.0,0.0,31.0,3.0,17.0,8.0
103,2025-10-26,RS,0.0,107.0,0.0,75.0,0.0,45.0,0.0,15.0,2.0
104,2025-10-26,SC,0.0,197.0,0.0,142.0,0.0,91.0,0.0,35.0,7.0
105,2025-10-26,SE,0.0,174.0,1.0,141.0,4.0,107.0,11.0,63.0,30.0
106,2025-10-26,SP,22.0,2074.0,41.0,1701.0,79.0,1326.0,194.0,823.0,433.0
107,2025-10-26,TO,4.0,151.0,7.0,127.0,11.0,103.0,22.0,69.0,41.0
108,2025-11-02,AC,1.0,1053.0,2.0,823.0,8.0,599.0,37.0,318.0,127.0
109,2025-11-02,AL,3.0,657.0,6.0,530.0,14.0,403.0,44.0,236.0,113.0
110,2025-11-02,AM,17.0,202.0,23.0,176.0,31.0,149.0,49.0,110.0,75.0
111,2025-11-02,AP,0.0,101.0,0.0,79.0,1.0,58.0,4.0,31.0,13.0
112,2025-11-02,BA,40.0,599.0,55.0,518.0,77.0,433.0,128.0,312.0,206.0
113,2025-11-02,CE,19.0,424.0,28.0,362.0,42.0,297.0,75.0,207.0,130.0
114,2025-11-02,DF,1.0,494.0,3.0,395.0,8.0,297.0,28.0,169.0,77.0
115,2025-11-02,ES,1.0,1379.0,3.0,1074.0,9.0,778.0,44.0,408.0,159.0
116,2025-11-02,GO,252.0,1239.0,297.0,1121.0,354.0,993.0,468.0,802.0,620.0
117,2025-11-02,MA,5.0,75.0,8.0,65.0,11.0,55.0,17.0,40.0,27.0
118,2025-11-02,MG,23.0,1754.0,42.0,1446.0,77.0,1135.0,180.0,717.0,387.0
119,2025-11-02,MS,7.0,425.0,13.0,353.0,22.0,280.0,50.0,181.0,101.0
120,2025-11-02,MT,34.0,397.0,45.0,346.0,61.0,293.0,96.0,216.0,148.0
121,2025-11-02,PA,11.0,278.0,16.0,236.0,25.0,193.0,46.0,133.0,82.0
122,2025-11-02,PB,21.0,181.0,26.0,160.0,34.0,137.0,51.0,104.0,74.0
123,2025-11-02,PE,4.0,1673.0,9.0,1330.0,24.0,992.0,85.0,558.0,248.0
124,2025-11-02,PI,4.0,75.0,5.0,64.0,8.0,53.0,14.0,38.0,24.0
125,2025-11-02,PR,3.0,944.0,8.0,757.0,18.0,572.0,58.0,331.0,155.0
126,2025-11-02,RJ,6.0,941.0,12.0,764.0,26.0,587.0,73.0,353.0,176.0
127,2025-11-02,RN,30.0,234.0,38.0,208.0,48.0,180.0,70.0,138.0,100.0
128,2025-11-02,RO,3.0,146.0,5.0,122.0,9.0,98.0,19.0,64.0,37.0
129,2025-11-02,RR,0.0,64.0,0.0,50.0,0.0,37.0,2.0,20.0,8.0
130,2025-11-02,RS,0.0,109.0,0.0,78.0,0.0,50.0,0.0,19.0,4.0
131,2025-11-02,SC,0.0,245.0,0.0,175.0,0.0,111.0,0.0,41.0,8.0
132,2025-11-02,SE,0.0,255.0,1.0,201.0,2.0,148.0,11.0,81.0,34.0
133,2025-11-02,SP,25.0,2342.0,46.0,1921.0,88.0,1497.0,219.0,929.0,488.0
134,2025-11-02,TO,3.0,193.0,6.0,161.0,11.0,128.0,23.0,83.0,47.0
135,2025-11-09,AC,1.0,1155.0,3.0,907.0,10.0,664.0,44.0,357.0,147.0
136,2025-11-09,AL,2.0,688.0,5.0,550.0,12.0,413.0,39.0,237.0,108.0
137,2025-11-09,AM,12.0,274.0,18.0,234.0,27.0,192.0,49.0,134.0,84.0
138,2025-11-09,AP,0.0,97.0,0.0,76.0,0.0,55.0,3.0,29.0,11.0
139,2025-11-09,BA,46.0,596.0,62.0,517.0,85.0,436.0,136.0,318.0,214.0
140,2025-11-09,CE,13.0,500.0,20.0,420.0,34.0,337.0,68.0,224.0,131.0
141,2025-11-09,DF,2.0,532.0,4.0,427.0,10.0,323.0,33.0,187.0,88.0
142,2025-11-09,ES,1.0,1309.0,3.0,1021.0,9.0,742.0,44.0,391.0,155.0
143,2025-11-09,GO,251.0,1410.0,301.0,1267.0,366.0,1115.0,495.0,887.0,672.0
144,2025-11-09,MA,2.0,101.0,4.0,85.0,7.0,69.0,14.0,46.0,27.0
145,2025-11-09,MG,21.0,1947.0,40.0,1598.0,76.0,1248.0,186.0,777.0,411.0
146,2025-11-09,MS,6.0,533.0,11.0,438.0,21.0,342.0,51.0,214.0,113.0
147,2025-11-09,MT,32.0,489.0,44.0,422.0,62.0,353.0,103.0,254.0,167.0
148,2025-11-09,PA,8.0,384.0,13.0,321.0,23.0,256.0,49.0,168.0,96.0
149,2025-11-09,PB,16.0,205.0,22.0,178.0,30.0,150.0,48.0,111.0,75.0
150,2025-11-09,PE,2.0,1944.0,5.0,1522.0,16.0,1110.0,70.0,591.0,239.0
151,2025-11-09,PI,5.0,72.0,7.0,63.0,10.0,53.0,16.0,39.0,26.0
152,2025-11-09,PR,3.0,1084.0,7.0,865.0,17.0,649.0,59.0,369.0,167.0
153,2025-11-09,RJ,12.0,835.0,22.0,690.0,39.0,544.0,90.0,346.0,189.0
154,2025-11-09,RN,36.0,215.0,44.0,193.0,54.0,169.0,74.0,134.0,101.0
155,2025-11-09,RO,4.0,203.0,7.0,170.0,13.0,136.0,27.0,90.0,52.0
156,2025-11-09,RR,0.0,67.0,0.0,53.0,0.0,39.0,2.0,21.0,9.0
157,2025-11-09,RS,0.0,92.0,0.0,68.0,0.0,46.0,1.0,20.0,5.0
158,2025-11-09,SC,0.0,226.0,0.0,164.0,0.0,107.0,1.0,43.0,10.0
159,2025-11-09,SE,0.0,235.0,1.0,185.0,2.0,136.0,10.0,74.0,31.0
160,2025-11-09,SP,27.0,2564.0,51.0,2103.0,97.0,1639.0,240.0,1018.0,535.0
161,2025-11-09,TO,3.0,281.0,6.0,232.0,12.0,182.0,28.0,114.0,61.0
162,2025-11-16,AC,1.0,1250.0,4.0,983.0,12.0,723.0,51.0,392.0,164.0
163,2025-11-16,AL,3.0,469.0,7.0,382.0,15.0,295.0,39.0,180.0,92.0
164,2025-11-16,AM,14.0,332.0,21.0,283.0,31.0,232.0,57.0,160.0,100.0
165,2025-11-16,AP,0.0,57.0,0.0,46.0,1.0,36.0,4.0,21.0,11.0
166,2025-11-16,BA,44.0,704.0,61.0,607.0,87.0,506.0,145.0,362.0,238.0
167,2025-11-16,CE,21.0,485.0,31.0,413.0,46.0,339.0,84.0,235.0,147.0
168,2025-11-16,DF,1.0,750.0,3.0,594.0,9.0,440.0,35.0,244.0,106.0
169,2025-11-16,ES,1.0,1621.0,3.0,1260.0,10.0,910.0,50.0,474.0,183.0
170,2025-11-16,GO,253.0,1773.0,312.0,1578.0,390.0,1370.0,552.0,1063.0,780.0
171,2025-11-16,MA,4.0,92.0,7.0,79.0,10.0,65.0,17.0,46.0,30.0
172,2025-11-16,MG,25.0,2710.0,49.0,2217.0,95.0,1721.0,242.0,1060.0,550.0
173,2025-11-16,MS,6.0,750.0,12.0,612.0,24.0,473.0,63.0,288.0,147.0
174,2025-11-16,MT,33.0,671.0,48.0,574.0,71.0,474.0,124.0,332.0,211.0
175,2025-11-16,PA,8.0,456.0,14.0,379.0,25.0,301.0,54.0,195.0,110.0
176,2025-11-16,PB,10.0,240.0,15.0,204.0,23.0,168.0,41.0,116.0,72.0
177,2025-11-16,PE,3.0,1649.0,8.0,1307.0,21.0,970.0,78.0,539.0,235.0
178,2025-11-16,PI,6.0,68.0,8.0,60.0,11.0,51.0,17.0,38.0,26.0
179,2025-11-16,PR,4.0,1404.0,10.0,1123.0,24.0,845.0,81.0,484.0,222.0
180,2025-11-16,RJ,7.0,1199.0,15.0,971.0,31.0,743.0,88.0,443.0,218.0
181,2025-11-16,RN,36.0,222.0,44.0,199.0,54.0,174.0,75.0,137.0,103.0
182,2025-11-16,RO,4.0,242.0,7.0,201.0,12.0,159.0,28.0,102.0,57.0
183,2025-11-16,RR,0.0,78.0,0.0,58.0,0.0,40.0,1.0,18.0,5.0
184,2025-11-16,RS,0.0,83.0,0.0,63.0,0.0,44.0,1.0,21.0,7.0
185,2025-11-16,SC,0.0,339.0,0.0,246.0,0.0,159.0,1.0,63.0,14.0
186,2025-11-16,SE,0.0,300.0,0.0,233.0,2.0,168.0,9.0,87.0,33.0
187,2025-11-16,SP,25.0,3337.0,51.0,2717.0,103.0,2097.0,273.0,1273.0,645.0
188,2025-11-16,TO,4.0,392.0,7.0,322.0,15.0,251.0,36.0,156.0,82.0
189,2025-11-23,AC,2.0,1336.0,6.0,1056.0,16.0,782.0,61.0,432.0,186.0
190,2025-11-23,AL,2.0,475.0,5.0,383.0,11.0,293.0,33.0,173.0,84.0
191,2025-11-23,AM,13.0,350.0,20.0,298.0,31.0,243.0,58.0,167.0,103.0
192,2025-11-23,AP,0.0,53.0,0.0,43.0,1.0,33.0,4.0,20.0,10.0
193,2025-11-23,BA,37.0,866.0,54.0,737.0,82.0,604.0,149.0,418.0,260.0
194,2025-11-23,CE,10.0,599.0,18.0,498.0,32.0,395.0,70.0,255.0,143.0
195,2025-11-23,DF,1.0,891.0,2.0,699.0,7.0,511.0,33.0,273.0,111.0
196,2025-11-23,ES,1.0,1875.0,4.0,1462.0,13.0,1061.0,62.0,558.0,220.0
197,2025-11-23,GO,237.0,2069.0,301.0,1824.0,389.0,1565.0,574.0,1187.0,844.0
198,2025-11-23,MA,3.0,107.0,5.0,91.0,8.0,74.0,16.0,50.0,30.0
199,2025-11-23,MG,22.0,3210.0,46.0,2609.0,94.0,2008.0,254.0,1212.0,608.0
200,2025-11-23,MS,4.0,926.0,9.0,746.0,20.0,566.0,61.0,332.0,158.0
201,2025-11-23,MT,30.0,898.0,47.0,759.0,73.0,617.0,139.0,419.0,253.0
202,2025-11-23,PA,7.0,513.0,13.0,424.0,23.0,333.0,54.0,211.0,115.0
203,2025-11-23,PB,6.0,304.0,10.0,253.0,17.0,202.0,38.0,132.0,75.0
204,2025-11-23,PE,1.0,2164.0,4.0,1685.0,14.0,1220.0,69.0,638.0,249.0
205,2025-11-23,PI,5.0,87.0,7.0,75.0,10.0,62.0,17.0,44.0,29.0
206,2025-11-23,PR,6.0,1483.0,14.0,1193.0,31.0,904.0,95.0,528.0,250.0
207,2025-11-23,RJ,6.0,1485.0,14.0,1195.0,32.0,907.0,97.0,531.0,253.0
208,2025-11-23,RN,29.0,245.0,36.0,217.0,47.0,186.0,69.0,142.0,101.0
209,2025-11-23,RO,3.0,297.0,6.0,245.0,12.0,191.0,29.0,120.0,64.0
210,2025-11-23,RR,0.0,62.0,0.0,48.0,0.0,34.0,1.0,18.0,6.0
211,2025-11-23,RS,0.0,116.0,0.0,89.0,0.0,63.0,2.0,31.0,11.0
212,2025-11-23,SC,0.0,443.0,0.0,319.0,0.0,205.0,1.0,78.0,16.0
213,2025-11-23,SE,0.0,256.0,0.0,200.0,2.0,145.0,8.0,76.0,30.0
214,2025-11-23,SP,30.0,3900.0,60.0,3175.0,120.0,2450.0,319.0,1487.0,754.0
215,2025-11-23,TO,2.0,598.0,5.0,481.0,13.0,365.0,39.0,214.0,102.0
216,2025-11-30,AC,3.0,1477.0,7.0,1172.0,19.0,871.0,72.0,486.0,213.0
217,2025-11-30,AL,3.0,467.0,6.0,379.0,13.0,291.0,36.0,175.0,87.0
218,2025-11-30,AM,15.0,408.0,23.0,346.0,35.0,282.0,66.0,193.0,119.0
219,2025-11-30,AP,0.0,58.0,0.0,46.0,0.0,34.0,3.0,19.0,8.0
220,2025-11-30,BA,38.0,936.0,57.0,796.0,86.0,652.0,158.0,449.0,278.0
221,2025-11-30,CE,13.0,584.0,22.0,488.0,36.0,391.0,76.0,257.0,148.0
222,2025-11-30,DF,1.0,1144.0,3.0,897.0,10.0,655.0,42.0,351.0,143.0
223,2025-11-30,ES,1.0,2315.0,3.0,1793.0,12.0,1287.0,65.0,660.0,249.0
224,2025-11-30,GO,263.0,2381.0,335.0,2096.0,436.0,1795.0,648.0,1357.0,959.0
225,2025-11-30,MA,2.0,139.0,4.0,116.0,8.0,93.0,17.0,60.0,34.0
226,2025-11-30,MG,30.0,3740.0,59.0,3047.0,118.0,2353.0,310.0,1432.0,728.0
227,2025-11-30,MS,4.0,1058.0,10.0,851.0,22.0,645.0,68.0,377.0,179.0
228,2025-11-30,MT,37.0,1033.0,56.0,875.0,87.0,712.0,163.0,485.0,295.0
229,2025-11-30,PA,8.0,532.0,14.0,440.0,25.0,347.0,58.0,221.0,122.0
230,2025-11-30,PB,3.0,454.0,7.0,371.0,15.0,287.0,39.0,175.0,90.0
231,2025-11-30,PE,1.0,2108.0,5.0,1647.0,16.0,1197.0,72.0,633.0,252.0
232,2025-11-30,PI,4.0,84.0,6.0,72.0,9.0,60.0,16.0,43.0,27.0
233,2025-11-30,PR,6.0,1892.0,14.0,1513.0,33.0,1137.0,108.0,651.0,299.0
234,2025-11-30,RJ,6.0,1925.0,15.0,1542.0,35.0,1163.0,114.0,670.0,311.0
235,2025-11-30,RN,30.0,240.0,38.0,213.0,49.0,184.0,71.0,141.0,102.0
236,2025-11-30,RO,5.0,293.0,8.0,243.0,15.0,192.0,33.0,124.0,69.0
237,2025-11-30,RR,0.0,62.0,0.0,48.0,0.0,35.0,2.0,18.0,7.0
238,2025-11-30,RS,0.0,149.0,0.0,110.0,0.0,73.0,1.0,31.0,8.0
239,2025-11-30,SC,0.0,649.0,0.0,458.0,0.0,285.0,1.0,99.0,17.0
240,2025-11-30,SE,0.0,208.0,0.0,164.0,2.0,120.0,8.0,66.0,27.0
241,2025-11-30,SP,29.0,4999.0,60.0,4046.0,128.0,3095.0,365.0,1843.0,905.0
242,2025-11-30,TO,1.0,749.0,4.0,595.0,10.0,442.0,37.0,247.0,109.0
243,2025-12-07,AC,2.0,1510.0,7.0,1195.0,18.0,886.0,70.0,490.0,212.0
244,2025-12-07,AL,2.0,454.0,5.0,367.0,11.0,280.0,32.0,166.0,80.0
245,2025-12-07,AM,13.0,451.0,20.0,380.0,33.0,306.0,65.0,205.0,122.0
246,2025-12-07,AP,0.0,46.0,0.0,36.0,0.0,27.0,2.0,15.0,6.0
247,2025-12-07,BA,38.0,871.0,56.0,742.0,84.0,609.0,152.0,423.0,265.0
248,2025-12-07,CE,11.0,521.0,18.0,435.0,31.0,347.0,65.0,227.0,129.0
249,2025-12-07,DF,1.0,1466.0,3.0,1141.0,9.0,825.0,46.0,431.0,167.0
250,2025-12-07,ES,1.0,2602.0,4.0,2012.0,13.0,1441.0,70.0,735.0,274.0
251,2025-12-07,GO,283.0,2220.0,354.0,1965.0,450.0,1696.0,651.0,1301.0,939.0
252,2025-12-07,MA,2.0,119.0,4.0,99.0,6.0,79.0,14.0,52.0,29.0
253,2025-12-07,MG,28.0,4326.0,58.0,3510.0,120.0,2695.0,332.0,1618.0,805.0
254,2025-12-07,MS,4.0,1174.0,10.0,942.0,23.0,712.0,73.0,413.0,194.0
255,2025-12-07,MT,38.0,986.0,57.0,837.0,87.0,683.0,162.0,469.0,288.0
256,2025-12-07,PA,6.0,490.0,12.0,405.0,22.0,318.0,51.0,201.0,109.0
257,2025-12-07,PB,3.0,414.0,6.0,338.0,13.0,261.0,35.0,160.0,82.0
258,2025-12-07,PE,2.0,1952.0,7.0,1536.0,19.0,1129.0,79.0,613.0,256.0
259,2025-12-07,PI,4.0,86.0,6.0,73.0,9.0,61.0,16.0,43.0,27.0
260,2025-12-07,PR,4.0,2595.0,12.0,2055.0,32.0,1524.0,121.0,845.0,367.0
261,2025-12-07,RJ,5.0,2301.0,12.0,1826.0,31.0,1359.0,113.0,760.0,334.0
262,2025-12-07,RN,26.0,263.0,33.0,231.0,44.0,197.0,68.0,147.0,102.0
263,2025-12-07,RO,4.0,291.0,7.0,241.0,13.0,189.0,31.0,120.0,65.0
264,2025-12-07,RR,0.0,68.0,0.0,53.0,0.0,38.0,2.0,20.0,7.0
265,2025-12-07,RS,0.0,161.0,0.0,122.0,0.0,85.0,2.0,40.0,13.0
266,2025-12-07,SC,0.0,897.0,0.0,616.0,0.0,366.0,0.0,112.0,14.0
267,2025-12-07,SE,0.0,165.0,1.0,131.0,2.0,97.0,8.0,54.0,24.0
268,2025-12-07,SP,25.0,6269.0,57.0,5038.0,129.0,3815.0,398.0,2221.0,1049.0
269,2025-12-07,TO,2.0,778.0,6.0,622.0,14.0,469.0,45.0,269.0,124.0
270,2025-12-14,AC,2.0,1350.0,6.0,1069.0,16.0,792.0,62.0,439.0,190.0
271,2025-12-14,AL,2.0,340.0,4.0,276.0,9.0,212.0,26.0,127.0,63.0
272,2025-12-14,AM,11.0,417.0,18.0,351.0,29.0,283.0,59.0,189.0,111.0
273,2025-12-14,AP,0.0,39.0,0.0,31.0,1.0,24.0,2.0,14.0,7.0
274,2025-12-14,BA,32.0,770.0,48.0,655.0,72.0,537.0,132.0,371.0,231.0
275,2025-12-14,CE,8.0,434.0,14.0,362.0,24.0,288.0,53.0,187.0,106.0
276,2025-12-14,DF,0.0,1570.0,2.0,1217.0,8.0,874.0,44.0,449.0,170.0
277,2025-12-14,ES,1.0,2687.0,4.0,2079.0,14.0,1490.0,73.0,761.0,284.0
278,2025-12-14,GO,216.0,1846.0,273.0,1629.0,352.0,1400.0,518.0,1064.0,758.0
279,2025-12-14,MA,0.0,120.0,1.0,97.0,3.0,75.0,9.0,45.0,22.0
280,2025-12-14,MG,27.0,4147.0,56.0,3366.0,116.0,2585.0,320.0,1554.0,775.0
281,2025-12-14,MS,2.0,1101.0,5.0,874.0,15.0,650.0,54.0,363.0,159.0
282,2025-12-14,MT,28.0,815.0,43.0,689.0,68.0,561.0,128.0,382.0,232.0
283,2025-12-14,PA,4.0,382.0,7.0,313.0,14.0,244.0,35.0,151.0,80.0
284,2025-12-14,PB,2.0,412.0,5.0,333.0,10.0,255.0,30.0,152.0,74.0
285,2025-12-14,PE,2.0,1424.0,6.0,1127.0,17.0,835.0,65.0,462.0,199.0
286,2025-12-14,PI,2.0,85.0,4.0,71.0,6.0,58.0,12.0,39.0,23.0
287,2025-12-14,PR,4.0,2427.0,11.0,1922.0,30.0,1425.0,113.0,790.0,343.0
288,2025-12-14,RJ,5.0,2038.0,12.0,1623.0,31.0,1214.0,108.0,686.0,308.0
289,2025-12-14,RN,12.0,304.0,18.0,258.0,28.0,212.0,51.0,146.0,91.0
290,2025-12-14,RO,4.0,216.0,7.0,180.0,12.0,144.0,27.0,94.0,53.0
291,2025-12-14,RR,0.0,71.0,0.0,55.0,0.0,39.0,1.0,19.0,7.0
292,2025-12-14,RS,0.0,183.0,0.0,136.0,0.0,92.0,2.0,41.0,11.0
293,2025-12-14,SC,0.0,738.0,0.0,521.0,0.0,324.0,1.0,114.0,19.0
294,2025-12-14,SE,0.0,82.0,1.0,66.0,2.0,51.0,6.0,31.0,15.0
295,2025-12-14,SP,27.0,6227.0,60.0,5010.0,134.0,3802.0,406.0,2223.0,1057.0
296,2025-12-14,TO,3.0,493.0,6.0,400.0,13.0,306.0,37.0,183.0,90.0
297,2025-12-21,AC,1.0,1349.0,3.0,1055.0,11.0,769.0,48.0,408.0,164.0
298,2025-12-21,AL,1.0,365.0,2.0,291.0,6.0,218.0,20.0,124.0,56.0
299,2025-12-21,AM,4.0,480.0,8.0,393.0,17.0,305.0,43.0,188.0,97.0
300,2025-12-21,AP,0.0,56.0,0.0,45.0,1.0,34.0,3.0,19.0,8.0
301,2025-12-21,BA,22.0,855.0,36.0,717.0,59.0,577.0,118.0,384.0,225.0
302,2025-12-21,CE,3.0,467.0,6.0,379.0,13.0,291.0,36.0,176.0,88.0
303,2025-12-21,DF,0.0,1811.0,2.0,1392.0,7.0,989.0,42.0,494.0,176.0
304,2025-12-21,ES,2.0,2609.0,6.0,2036.0,19.0,1478.0,87.0,779.0,308.0
305,2025-12-21,GO,162.0,2105.0,218.0,1828.0,299.0,1538.0,479.0,1122.0,755.0
306,2025-12-21,MA,1.0,118.0,3.0,98.0,5.0,77.0,12.0,49.0,27.0
307,2025-12-21,MG,11.0,5785.0,28.0,4583.0,73.0,3400.0,272.0,1887.0,820.0
308,2025-12-21,MS,0.0,1562.0,2.0,1211.0,8.0,870.0,44.0,448.0,169.0
309,2025-12-21,MT,20.0,916.0,34.0,766.0,57.0,613.0,118.0,402.0,231.0
310,2025-12-21,PA,3.0,382.0,7.0,313.0,14.0,243.0,35.0,151.0,79.0
311,2025-12-21,PB,1.0,341.0,3.0,275.0,8.0,210.0,23.0,124.0,60.0
312,2025-12-21,PE,1.0,1126.0,4.0,886.0,11.0,651.0,45.0,353.0,147.0
313,2025-12-21,PI,1.0,82.0,2.0,68.0,4.0,54.0,9.0,35.0,19.0
314,2025-12-21,PR,4.0,2264.0,11.0,1793.0,28.0,1329.0,106.0,737.0,320.0
315,2025-12-21,RJ,1.0,2639.0,5.0,2051.0,16.0,1479.0,80.0,768.0,295.0
316,2025-12-21,RN,10.0,273.0,16.0,232.0,24.0,190.0,45.0,130.0,80.0
317,2025-12-21,RO,0.0,305.0,1.0,243.0,4.0,181.0,15.0,101.0,45.0
318,2025-12-21,RR,0.0,45.0,0.0,35.0,0.0,25.0,1.0,12.0,4.0
319,2025-12-21,RS,0.0,153.0,0.0,113.0,0.0,76.0,1.0,32.0,8.0
320,2025-12-21,SC,0.0,480.0,0.0,350.0,0.0,229.0,2.0,93.0,22.0
321,2025-12-21,SE,0.0,77.0,0.0,61.0,1.0,46.0,4.0,26.0,12.0
322,2025-12-21,SP,19.0,7285.0,47.0,5808.0,115.0,4349.0,393.0,2466.0,1113.0
323,2025-12-21,TO,6.0,324.0,11.0,270.0,18.0,215.0,40.0,140.0,79.0
324,2025-12-28,AC,88.0,539.0,107.0,482.0,131.0,422.0,181.0,333.0,249.0
325,2025-12-28,AL,0.0,151.0,0.0,119.0,1.0,88.0,6.0,47.0,20.0
326,2025-12-28,AM,6.0,104.0,9.0,90.0,13.0,75.0,22.0,54.0,36.0
327,2025-12-28,AP,0.0,174.0,0.0,117.0,0.0,67.0,0.0,18.0,2.0
328,2025-12-28,BA,25.0,126.0,30.0,114.0,36.0,101.0,48.0,82.0,63.0
329,2025-12-28,CE,0.0,517.0,2.0,408.0,5.0,301.0,22.0,164.0,69.0
330,2025-12-28,DF,41.0,81.0,44.0,77.0,47.0,73.0,53.0,67.0,60.0
331,2025-12-28,ES,12.0,198.0,17.0,170.0,24.0,142.0,41.0,102.0,67.0
332,2025-12-28,GO,8.0,2372.0,18.0,1899.0,43.0,1430.0,139.0,822.0,380.0
333,2025-12-28,MA,0.0,258.0,0.0,170.0,0.0,95.0,0.0,24.0,2.0
334,2025-12-28,MG,68.0,441.0,83.0,394.0,103.0,344.0,144.0,270.0,200.0
335,2025-12-28,MS,27.0,90.0,30.0,83.0,34.0,76.0,42.0,64.0,53.0
336,2025-12-28,MT,21.0,92.0,25.0,84.0,29.0,75.0,38.0,62.0,49.0
337,2025-12-28,PA,0.0,82.0,0.0,65.0,1.0,49.0,4.0,27.0,12.0
338,2025-12-28,PB,3.0,50.0,4.0,43.0,6.0,36.0,10.0,26.0,17.0
339,2025-12-28,PE,8.0,480.0,15.0,399.0,26.0,317.0,57.0,205.0,115.0
340,2025-12-28,PI,0.0,72.0,0.0,50.0,0.0,30.0,0.0,10.0,1.0
341,2025-12-28,PR,45.0,292.0,55.0,261.0,68.0,228.0,95.0,179.0,133.0
342,2025-12-28,RJ,0.0,385.0,1.0,303.0,4.0,223.0,16.0,122.0,51.0
343,2025-12-28,RN,0.0,245.0,1.0,194.0,3.0,144.0,11.0,80.0,35.0
344,2025-12-28,RO,5.0,44.0,7.0,39.0,9.0,34.0,13.0,26.0,19.0
345,2025-12-28,RR,0.0,32.0,0.0,23.0,0.0,15.0,0.0,6.0,1.0
346,2025-12-28,RS,0.0,17.0,0.0,13.0,0.0,9.0,0.0,4.0,1.0
347,2025-12-28,SC,0.0,0.0,0.0,0.0,0.0,0.0,0.0,0.0,0.0
348,2025-12-28,SE,0.0,151.0,0.0,114.0,0.0,80.0,2.0,38.0,12.0
349,2025-12-28,SP,11.0,5164.0,29.0,4105.0,74.0,3060.0,261.0,1718.0,761.0
350,2025-12-28,TO,0.0,80.0,1.0,65.0,2.0,50.0,7.0,31.0,16.0
351,2026-01-04,AC,8.0,1863.0,17.0,1499.0,39.0,1137.0,120.0,664.0,315.0
352,2026-01-04,AL,4.0,376.0,7.0,309.0,14.0,241.0,36.0,150.0,80.0
353,2026-01-04,AM,8.0,929.0,16.0,759.0,31.0,588.0,80.0,360.0,185.0
354,2026-01-04,AP,0.0,146.0,1.0,117.0,3.0,88.0,9.0,51.0,24.0
355,2026-01-04,BA,90.0,1222.0,122.0,1059.0,169.0,890.0,272.0,647.0,433.0
356,2026-01-04,CE,11.0,690.0,19.0,571.0,34.0,451.0,76.0,289.0,159.0
357,2026-01-04,DF,0.0,3950.0,2.0,3002.0,9.0,2095.0,68.0,1002.0,329.0
358,2026-01-04,ES,0.0,3427.0,1.0,2582.0,5.0,1779.0,46.0,822.0,253.0
359,2026-01-04,GO,304.0,5499.0,429.0,4719.0,619.0,3910.0,1063.0,2765.0,1778.0
360,2026-01-04,MA,5.0,211.0,9.0,177.0,14.0,143.0,29.0,95.0,56.0
361,2026-01-04,MG,26.0,12633.0,67.0,10027.0,172.0,7459.0,619.0,4167.0,1832.0
362,2026-01-04,MS,3.0,2979.0,9.0,2340.0,28.0,1715.0,116.0,925.0,381.0
363,2026-01-04,MT,37.0,2546.0,65.0,2103.0,118.0,1656.0,271.0,1051.0,573.0
364,2026-01-04,PA,20.0,579.0,31.0,490.0,48.0,398.0,91.0,271.0,164.0
365,2026-01-04,PB,3.0,426.0,6.0,347.0,13.0,267.0,35.0,162.0,82.0
366,2026-01-04,PE,1.0,1919.0,4.0,1496.0,13.0,1085.0,63.0,570.0,224.0
367,2026-01-04,PI,9.0,151.0,12.0,130.0,18.0,108.0,30.0,77.0,50.0
368,2026-01-04,PR,2.0,3924.0,7.0,3044.0,22.0,2190.0,114.0,1129.0,429.0
369,2026-01-04,RJ,5.0,4432.0,14.0,3479.0,40.0,2547.0,170.0,1370.0,563.0
370,2026-01-04,RN,14.0,438.0,22.0,370.0,34.0,300.0,66.0,203.0,122.0
371,2026-01-04,RO,1.0,1416.0,2.0,1100.0,9.0,794.0,43.0,412.0,158.0
372,2026-01-04,RR,0.0,46.0,0.0,37.0,0.0,28.0,2.0,16.0,7.0
373,2026-01-04,RS,0.0,212.0,0.0,161.0,0.0,112.0,3.0,54.0,18.0
374,2026-01-04,SC,0.0,530.0,0.0,395.0,0.0,268.0,5.0,119.0,34.0
375,2026-01-04,SE,0.0,110.0,0.0,87.0,1.0,65.0,5.0,37.0,16.0
376,2026-01-04,SP,29.0,14036.0,73.0,11136.0,189.0,8281.0,684.0,4621.0,2028.0
377,2026-01-04,TO,3.0,840.0,8.0,677.0,18.0,514.0,56.0,302.0,144.0
378,2026-01-11,AC,8.0,1815.0,19.0,1464.0,42.0,1114.0,124.0,656.0,316.0
379,2026-01-11,AL,7.0,399.0,12.0,332.0,22.0,263.0,47.0,171.0,96.0
380,2026-01-11,AM,9.0,1110.0,17.0,905.0,35.0,700.0,93.0,426.0,217.0
381,2026-01-11,AP,0.0,209.0,0.0,165.0,2.0,121.0,9.0,66.0,28.0
382,2026-01-11,BA,86.0,1595.0,122.0,1368.0,177.0,1132.0,305.0,800.0,513.0
383,2026-01-11,CE,13.0,766.0,23.0,636.0,40.0,504.0,89.0,325.0,182.0
384,2026-01-11,DF,0.0,4029.0,3.0,3075.0,12.0,2160.0,78.0,1050.0,356.0
385,2026-01-11,ES,1.0,3836.0,4.0,2954.0,16.0,2103.0,93.0,1056.0,382.0
386,2026-01-11,GO,362.0,6486.0,510.0,5567.0,734.0,4614.0,1259.0,3266.0,2103.0
387,2026-01-11,MA,8.0,338.0,13.0,283.0,22.0,227.0,45.0,150.0,88.0
388,2026-01-11,MG,38.0,16321.0,94.0,12978.0,237.0,9682.0,834.0,5443.0,2420.0
389,2026-01-11,MS,3.0,4226.0,11.0,3303.0,33.0,2404.0,147.0,1274.0,509.0
390,2026-01-11,MT,43.0,2910.0,76.0,2406.0,137.0,1896.0,313.0,1206.0,660.0
391,2026-01-11,PA,27.0,725.0,41.0,615.0,63.0,502.0,118.0,344.0,211.0
392,2026-01-11,PB,4.0,453.0,8.0,371.0,16.0,288.0,41.0,178.0,92.0
393,2026-01-11,PE,1.0,1963.0,5.0,1536.0,16.0,1119.0,70.0,595.0,240.0
394,2026-01-11,PI,10.0,193.0,14.0,166.0,21.0,137.0,37.0,97.0,62.0
395,2026-01-11,PR,2.0,5702.0,6.0,4391.0,24.0,3126.0,138.0,1570.0,568.0
396,2026-01-11,RJ,6.0,4956.0,18.0,3903.0,51.0,2872.0,205.0,1562.0,655.0
397,2026-01-11,RN,15.0,513.0,23.0,432.0,38.0,349.0,74.0,234.0,139.0
398,2026-01-11,RO,1.0,1526.0,3.0,1186.0,9.0,855.0,46.0,444.0,171.0
399,2026-01-11,RR,0.0,63.0,0.0,50.0,0.0,37.0,2.0,20.0,8.0
400,2026-01-11,RS,0.0,289.0,0.0,217.0,0.0,149.0,3.0,68.0,20.0
401,2026-01-11,SC,0.0,575.0,0.0,429.0,0.0,291.0,6.0,130.0,37.0
402,2026-01-11,SE,0.0,97.0,1.0,79.0,3.0,62.0,9.0,38.0,20.0
403,2026-01-11,SP,39.0,18051.0,99.0,14336.0,251.0,10675.0,898.0,5976.0,2637.0
404,2026-01-11,TO,4.0,922.0,10.0,745.0,22.0,568.0,64.0,336.0,163.0
405,2026-01-18,AC,15.0,1773.0,29.0,1447.0,58.0,1120.0,151.0,684.0,351.0
406,2026-01-18,AL,7.0,426.0,13.0,354.0,22.0,281.0,49.0,181.0,101.0
407,2026-01-18,AM,7.0,1337.0,16.0,1081.0,34.0,827.0,97.0,492.0,241.0
408,2026-01-18,AP,0.0,206.0,1.0,163.0,2.0,121.0,9.0,66.0,28.0
409,2026-01-18,BA,130.0,1682.0,174.0,1461.0,239.0,1229.0,382.0,896.0,603.0
410,2026-01-18,CE,21.0,930.0,35.0,778.0,58.0,622.0,121.0,409.0,236.0
411,2026-01-18,DF,0.0,5920.0,2.0,4473.0,11.0,3094.0,86.0,1446.0,454.0
412,2026-01-18,ES,0.0,4862.0,2.0,3688.0,10.0,2567.0,79.0,1218.0,395.0
413,2026-01-18,GO,404.0,7626.0,575.0,6535.0,834.0,5404.0,1445.0,3807.0,2435.0
414,2026-01-18,MA,8.0,426.0,14.0,355.0,24.0,283.0,52.0,184.0,104.0
415,2026-01-18,MG,34.0,22437.0,92.0,17708.0,250.0,13068.0,973.0,7161.0,3043.0
416,2026-01-18,MS,4.0,5461.0,12.0,4260.0,39.0,3090.0,181.0,1625.0,641.0
417,2026-01-18,MT,52.0,3104.0,90.0,2574.0,158.0,2036.0,352.0,1307.0,725.0
418,2026-01-18,PA,38.0,851.0,55.0,725.0,83.0,596.0,149.0,414.0,259.0
419,2026-01-18,PB,3.0,586.0,7.0,475.0,15.0,364.0,43.0,217.0,107.0
420,2026-01-18,PE,2.0,2016.0,6.0,1583.0,18.0,1159.0,77.0,623.0,256.0
421,2026-01-18,PI,19.0,172.0,24.0,152.0,31.0,130.0,47.0,98.0,70.0
422,2026-01-18,PR,2.0,7982.0,7.0,6121.0,28.0,4330.0,174.0,2141.0,751.0
423,2026-01-18,RJ,6.0,6371.0,18.0,4990.0,53.0,3641.0,232.0,1942.0,786.0
424,2026-01-18,RN,11.0,685.0,19.0,568.0,34.0,449.0,77.0,288.0,160.0
425,2026-01-18,RO,1.0,1543.0,3.0,1204.0,11.0,873.0,51.0,459.0,181.0
426,2026-01-18,RR,0.0,60.0,0.0,48.0,1.0,36.0,3.0,21.0,9.0
427,2026-01-18,RS,0.0,412.0,0.0,310.0,0.0,213.0,5.0,98.0,30.0
428,2026-01-18,SC,0.0,780.0,0.0,574.0,0.0,382.0,5.0,161.0,41.0
429,2026-01-18,SE,0.0,119.0,0.0,94.0,1.0,70.0,5.0,39.0,16.0
430,2026-01-18,SP,43.0,24389.0,113.0,19299.0,298.0,14296.0,1121.0,7905.0,3413.0
431,2026-01-18,TO,8.0,911.0,16.0,745.0,31.0,577.0,80.0,355.0,183.0
432,2026-01-25,AC,16.0,1585.0,30.0,1298.0,58.0,1010.0,145.0,625.0,327.0
433,2026-01-25,AL,4.0,492.0,9.0,403.0,17.0,313.0,44.0,193.0,100.0
434,2026-01-25,AM,4.0,1698.0,10.0,1351.0,25.0,1009.0,88.0,569.0,254.0
435,2026-01-25,AP,0.0,240.0,0.0,187.0,1.0,135.0,7.0,70.0,27.0
436,2026-01-25,BA,125.0,2209.0,176.0,1897.0,253.0,1574.0,432.0,1115.0,720.0
437,2026-01-25,CE,24.0,1097.0,40.0,916.0,67.0,732.0,140.0,480.0,275.0
438,2026-01-25,DF,0.0,8548.0,1.0,6388.0,9.0,4346.0,92.0,1945.0,561.0
439,2026-01-25,ES,0.0,5285.0,2.0,3994.0,9.0,2763.0,77.0,1291.0,406.0
440,2026-01-25,GO,423.0,9059.0,614.0,7731.0,909.0,6359.0,1617.0,4430.0,2788.0
441,2026-01-25,MA,5.0,512.0,10.0,421.0,19.0,328.0,48.0,204.0,108.0
442,2026-01-25,MG,24.0,31638.0,75.0,24695.0,233.0,17932.0,1066.0,9456.0,3746.0
443,2026-01-25,MS,5.0,6360.0,15.0,4962.0,46.0,3601.0,212.0,1895.0,749.0
444,2026-01-25,MT,62.0,3215.0,104.0,2675.0,179.0,2127.0,386.0,1379.0,778.0
445,2026-01-25,PA,32.0,1087.0,50.0,915.0,80.0,739.0,158.0,496.0,295.0
446,2026-01-25,PB,5.0,697.0,10.0,566.0,20.0,436.0,55.0,263.0,132.0
447,2026-01-25,PE,3.0,2149.0,8.0,1694.0,22.0,1247.0,90.0,680.0,286.0
448,2026-01-25,PI,21.0,207.0,27.0,182.0,36.0,155.0,54.0,117.0,82.0
449,2026-01-25,PR,2.0,10206.0,8.0,7801.0,31.0,5491.0,204.0,2682.0,919.0
450,2026-01-25,RJ,5.0,7566.0,17.0,5903.0,55.0,4284.0,252.0,2255.0,891.0
451,2026-01-25,RN,7.0,953.0,14.0,776.0,29.0,599.0,78.0,363.0,184.0
452,2026-01-25,RO,1.0,1410.0,3.0,1103.0,11.0,803.0,50.0,426.0,171.0
453,2026-01-25,RR,0.0,66.0,0.0,52.0,1.0,39.0,3.0,22.0,10.0
454,2026-01-25,RS,0.0,642.0,0.0,472.0,0.0,313.0,4.0,131.0,33.0
455,2026-01-25,SC,0.0,1013.0,0.0,745.0,0.0,494.0,7.0,207.0,52.0
456,2026-01-25,SE,0.0,125.0,1.0,100.0,2.0,76.0,7.0,44.0,20.0
457,2026-01-25,SP,45.0,32405.0,124.0,25538.0,343.0,18806.0,1361.0,10256.0,4319.0
458,2026-01-25,TO,12.0,937.0,22.0,772.0,40.0,606.0,95.0,382.0,206.0
459,2026-02-01,AC,11.0,1725.0,24.0,1401.0,49.0,1077.0,135.0,649.0,325.0
460,2026-02-01,AL,5.0,553.0,10.0,453.0,20.0,353.0,51.0,218.0,114.0
461,2026-02-01,AM,6.0,1779.0,15.0,1427.0,34.0,1077.0,108.0,623.0,291.0
462,2026-02-01,AP,0.0,350.0,1.0,275.0,3.0,201.0,13.0,109.0,45.0
463,2026-02-01,BA,117.0,3056.0,175.0,2592.0,268.0,2115.0,497.0,1448.0,888.0
464,2026-02-01,CE,39.0,1243.0,61.0,1049.0,96.0,849.0,186.0,573.0,344.0
465,2026-02-01,DF,0.0,10107.0,2.0,7552.0,11.0,5136.0,108.0,2297.0,661.0
466,2026-02-01,ES,0.0,6051.0,1.0,4541.0,8.0,3110.0,73.0,1416.0,423.0
467,2026-02-01,GO,436.0,11404.0,654.0,9672.0,999.0,7889.0,1856.0,5403.0,3313.0
468,2026-02-01,MA,8.0,557.0,14.0,461.0,26.0,363.0,60.0,231.0,127.0
469,2026-02-01,MG,20.0,42676.0,67.0,33048.0,229.0,23721.0,1190.0,12159.0,4570.0
470,2026-02-01,MS,6.0,6661.0,18.0,5216.0,55.0,3806.0,242.0,2030.0,822.0
471,2026-02-01,MT,77.0,3216.0,125.0,2691.0,206.0,2156.0,424.0,1421.0,823.0
472,2026-02-01,PA,38.0,1283.0,59.0,1081.0,94.0,873.0,186.0,585.0,348.0
473,2026-02-01,PB,10.0,666.0,18.0,552.0,33.0,436.0,74.0,279.0,154.0
474,2026-02-01,PE,5.0,2278.0,13.0,1813.0,34.0,1354.0,118.0,763.0,341.0
475,2026-02-01,PI,18.0,311.0,26.0,268.0,37.0,223.0,62.0,159.0,103.0
476,2026-02-01,PR,4.0,11273.0,14.0,8689.0,50.0,6193.0,279.0,3120.0,1135.0
477,2026-02-01,RJ,5.0,9121.0,17.0,7088.0,56.0,5114.0,277.0,2655.0,1022.0
478,2026-02-01,RN,5.0,1401.0,11.0,1123.0,26.0,848.0,85.0,490.0,228.0
479,2026-02-01,RO,2.0,1329.0,6.0,1054.0,17.0,782.0,63.0,435.0,190.0
480,2026-02-01,RR,0.0,78.0,0.0,61.0,0.0,44.0,2.0,23.0,9.0
481,2026-02-01,RS,0.0,844.0,0.0,621.0,0.0,412.0,5.0,173.0,43.0
482,2026-02-01,SC,0.0,1525.0,0.0,1096.0,0.0,701.0,5.0,266.0,54.0
483,2026-02-01,SE,0.0,187.0,0.0,145.0,1.0,104.0,5.0,54.0,20.0
484,2026-02-01,SP,75.0,38056.0,193.0,30171.0,499.0,22412.0,1824.0,12474.0,5448.0
485,2026-02-01,TO,13.0,1017.0,23.0,838.0,43.0,657.0,102.0,413.0,221.0
486,2026-02-08,AC,11.0,1673.0,22.0,1357.0,46.0,1042.0,128.0,625.0,311.0
487,2026-02-08,AL,8.0,593.0,14.0,489.0,26.0,385.0,62.0,244.0,132.0
488,2026-02-08,AM,3.0,2255.0,9.0,1781.0,25.0,1315.0,98.0,721.0,307.0
489,2026-02-08,AP,0.0,396.0,0.0,303.0,1.0,213.0,7.0,103.0,35.0
490,2026-02-08,BA,92.0,4072.0,151.0,3403.0,252.0,2720.0,524.0,1786.0,1026.0
491,2026-02-08,CE,37.0,1415.0,60.0,1188.0,97.0,955.0,196.0,635.0,373.0
492,2026-02-08,DF,0.0,9995.0,3.0,7520.0,15.0,5169.0,130.0,2376.0,723.0
493,2026-02-08,ES,0.0,7130.0,1.0,5315.0,7.0,3600.0,70.0,1594.0,450.0
494,2026-02-08,GO,454.0,11661.0,678.0,9895.0,1033.0,8077.0,1913.0,5539.0,3405.0
495,2026-02-08,MA,7.0,783.0,14.0,641.0,28.0,498.0,71.0,308.0,160.0
496,2026-02-08,MG,18.0,51278.0,64.0,39535.0,230.0,28191.0,1281.0,14219.0,5185.0
497,2026-02-08,MS,7.0,6694.0,21.0,5254.0,61.0,3847.0,257.0,2069.0,849.0
498,2026-02-08,MT,88.0,3045.0,138.0,2561.0,221.0,2067.0,437.0,1383.0,819.0
499,2026-02-08,PA,39.0,1181.0,60.0,998.0,95.0,810.0,181.0,549.0,331.0
500,2026-02-08,PB,11.0,742.0,20.0,614.0,36.0,484.0,81.0,309.0,170.0
501,2026-02-08,PE,6.0,2672.0,15.0,2124.0,38.0,1584.0,136.0,890.0,395.0
502,2026-02-08,PI,16.0,385.0,24.0,328.0,37.0,269.0,67.0,187.0,116.0
503,2026-02-08,PR,4.0,14775.0,14.0,11345.0,55.0,8040.0,332.0,3994.0,1415.0
504,2026-02-08,RJ,3.0,12066.0,13.0,9284.0,49.0,6600.0,286.0,3304.0,1188.0
505,2026-02-08,RN,3.0,1853.0,8.0,1463.0,21.0,1081.0,81.0,594.0,253.0
506,2026-02-08,RO,3.0,1249.0,7.0,993.0,18.0,741.0,63.0,416.0,185.0
507,2026-02-08,RR,0.0,93.0,0.0,72.0,0.0,51.0,2.0,26.0,9.0
508,2026-02-08,RS,0.0,1319.0,0.0,960.0,0.0,627.0,6.0,252.0,58.0
509,2026-02-08,SC,0.0,2506.0,0.0,1806.0,0.0,1160.0,8.0,445.0,93.0
510,2026-02-08,SE,0.0,233.0,0.0,181.0,1.0,130.0,6.0,67.0,25.0
511,2026-02-08,SP,93.0,44407.0,236.0,35242.0,602.0,26215.0,2174.0,14640.0,6432.0
512,2026-02-08,TO,16.0,1020.0,28.0,845.0,50.0,667.0,113.0,427.0,235.0
513,2026-02-15,AC,10.0,1624.0,22.0,1318.0,45.0,1012.0,125.0,608.0,303.0
514,2026-02-15,AL,7.0,696.0,13.0,570.0,25.0,443.0,63.0,274.0,143.0
515,2026-02-15,AM,3.0,2520.0,8.0,1982.0,24.0,1454.0,100.0,787.0,326.0
516,2026-02-15,AP,0.0,437.0,0.0,335.0,1.0,237.0,9.0,117.0,41.0
517,2026-02-15,BA,77.0,5544.0,138.0,4576.0,250.0,3598.0,581.0,2278.0,1236.0
518,2026-02-15,CE,42.0,1660.0,67.0,1392.0,110.0,1117.0,224.0,740.0,431.0
519,2026-02-15,DF,0.0,9969.0,3.0,7501.0,15.0,5156.0,130.0,2371.0,722.0
520,2026-02-15,ES,0.0,8184.0,1.0,6087.0,7.0,4110.0,76.0,1803.0,499.0
521,2026-02-15,GO,384.0,13121.0,601.0,11041.0,960.0,8912.0,1891.0,5968.0,3539.0
522,2026-02-15,MA,11.0,936.0,21.0,771.0,39.0,603.0,93.0,379.0,202.0
523,2026-02-15,MG,18.0,62050.0,66.0,47705.0,247.0,33873.0,1443.0,16907.0,6043.0
524,2026-02-15,MS,11.0,6541.0,28.0,5170.0,76.0,3823.0,293.0,2105.0,902.0
525,2026-02-15,MT,103.0,2934.0,157.0,2483.0,243.0,2019.0,460.0,1373.0,834.0
526,2026-02-15,PA,49.0,1286.0,73.0,1091.0,112.0,890.0,209.0,609.0,374.0
527,2026-02-15,PB,8.0,1086.0,16.0,884.0,32.0,681.0,87.0,412.0,208.0
528,2026-02-15,PE,11.0,2578.0,25.0,2076.0,57.0,1577.0,171.0,924.0,442.0
529,2026-02-15,PI,18.0,441.0,27.0,375.0,41.0,307.0,75.0,212.0,132.0
530,2026-02-15,PR,4.0,19446.0,15.0,14874.0,62.0,10481.0,396.0,5132.0,1768.0
531,2026-02-15,RJ,2.0,15959.0,10.0,12164.0,43.0,8526.0,296.0,4120.0,1383.0
532,2026-02-15,RN,3.0,2444.0,8.0,1923.0,24.0,1412.0,98.0,765.0,318.0
533,2026-02-15,RO,4.0,1173.0,10.0,942.0,23.0,713.0,73.0,414.0,194.0
534,2026-02-15,RR,0.0,79.0,0.0,61.0,0.0,45.0,2.0,23.0,9.0
535,2026-02-15,RS,0.0,2217.0,0.0,1607.0,0.0,1043.0,9.0,411.0,91.0
536,2026-02-15,SC,0.0,3902.0,0.0,2778.0,0.0,1750.0,8.0,636.0,118.0
537,2026-02-15,SE,0.0,262.0,0.0,203.0,1.0,146.0,7.0,75.0,28.0
538,2026-02-15,SP,111.0,53453.0,283.0,42418.0,723.0,31550.0,2613.0,17615.0,7736.0
539,2026-02-15,TO,23.0,938.0,37.0,786.0,61.0,631.0,126.0,417.0,242.0
540,2026-02-22,AC,8.0,1494.0,17.0,1208.0,37.0,922.0,106.0,547.0,267.0
541,2026-02-22,AL,5.0,844.0,10.0,684.0,22.0,524.0,63.0,313.0,155.0
542,2026-02-22,AM,1.0,3166.0,4.0,2443.0,14.0,1745.0,81.0,883.0,324.0
543,2026-02-22,AP,0.0,417.0,0.0,321.0,2.0,229.0,10.0,115.0,41.0
544,2026-02-22,BA,60.0,7525.0,118.0,6131.0,237.0,4734.0,624.0,2880.0,1465.0
545,2026-02-22,CE,54.0,1725.0,84.0,1455.0,132.0,1178.0,257.0,793.0,475.0
546,2026-02-22,DF,0.0,10936.0,3.0,8214.0,15.0,5631.0,135.0,2571.0,772.0
547,2026-02-22,ES,0.0,9774.0,1.0,7223.0,6.0,4829.0,75.0,2065.0,542.0
548,2026-02-22,GO,330.0,14453.0,539.0,12078.0,897.0,9659.0,1866.0,6342.0,3648.0
549,2026-02-22,MA,13.0,982.0,23.0,810.0,42.0,635.0,100.0,401.0,216.0
550,2026-02-22,MG,14.0,76886.0,59.0,58772.0,238.0,41374.0,1541.0,20212.0,6933.0
551,2026-02-22,MS,12.0,6231.0,31.0,4940.0,82.0,3670.0,299.0,2043.0,892.0
552,2026-02-22,MT,101.0,2739.0,152.0,2320.0,234.0,1890.0,439.0,1291.0,789.0
553,2026-02-22,PA,43.0,1197.0,65.0,1014.0,101.0,826.0,190.0,563.0,343.0
554,2026-02-22,PB,10.0,1156.0,20.0,945.0,40.0,733.0,102.0,450.0,233.0
555,2026-02-22,PE,14.0,2698.0,30.0,2180.0,65.0,1663.0,190.0,985.0,479.0
556,2026-02-22,PI,17.0,530.0,26.0,447.0,41.0,362.0,80.0,245.0,147.0
557,2026-02-22,PR,6.0,20871.0,22.0,16045.0,83.0,11392.0,485.0,5685.0,2031.0
558,2026-02-22,RJ,2.0,19245.0,9.0,14598.0,42.0,10158.0,314.0,4819.0,1561.0
559,2026-02-22,RN,4.0,2631.0,12.0,2081.0,31.0,1540.0,119.0,849.0,365.0
560,2026-02-22,RO,3.0,1054.0,8.0,844.0,19.0,636.0,62.0,365.0,169.0
561,2026-02-22,RR,0.0,80.0,0.0,62.0,0.0,44.0,2.0,23.0,8.0
562,2026-02-22,RS,0.0,3174.0,0.0,2300.0,0.0,1491.0,13.0,586.0,129.0
563,2026-02-22,SC,0.0,5750.0,0.0,4055.0,0.0,2516.0,9.0,876.0,147.0
564,2026-02-22,SE,0.0,219.0,0.0,171.0,1.0,124.0,7.0,66.0,26.0
565,2026-02-22,SP,116.0,62070.0,300.0,49159.0,784.0,36460.0,2907.0,20221.0,8776.0
566,2026-02-22,TO,27.0,847.0,42.0,715.0,66.0,579.0,127.0,391.0,234.0
567,2026-03-01,AC,8.0,1406.0,17.0,1139.0,37.0,873.0,104.0,521.0,257.0
568,2026-03-01,AL,5.0,1060.0,11.0,855.0,24.0,651.0,72.0,384.0,185.0
569,2026-03-01,AM,2.0,2807.0,6.0,2189.0,20.0,1587.0,92.0,834.0,328.0
570,2026-03-01,AP,0.0,471.0,0.0,362.0,2.0,258.0,11.0,129.0,46.0
571,2026-03-01,BA,53.0,9026.0,111.0,7308.0,235.0,5593.0,663.0,3334.0,1640.0
572,2026-03-01,CE,60.0,2027.0,94.0,1707.0,150.0,1379.0,295.0,925.0,550.0
573,2026-03-01,DF,1.0,10486.0,5.0,7947.0,22.0,5522.0,167.0,2611.0,840.0
574,2026-03-01,ES,0.0,11134.0,1.0,8215.0,6.0,5479.0,81.0,2327.0,603.0
575,2026-03-01,GO,338.0,15468.0,556.0,12912.0,932.0,10308.0,1959.0,6746.0,3859.0
576,2026-03-01,MA,10.0,1232.0,20.0,1005.0,40.0,777.0,104.0,475.0,243.0
577,2026-03-01,MG,20.0,81055.0,76.0,62181.0,294.0,44010.0,1784.0,21792.0,7671.0
578,2026-03-01,MS,12.0,6555.0,32.0,5195.0,85.0,3857.0,311.0,2144.0,934.0
579,2026-03-01,MT,107.0,2694.0,159.0,2287.0,242.0,1869.0,446.0,1284.0,791.0
580,2026-03-01,PA,55.0,1185.0,80.0,1012.0,118.0,832.0,211.0,580.0,364.0
581,2026-03-01,PB,12.0,1355.0,24.0,1108.0,47.0,861.0,121.0,530.0,275.0
582,2026-03-01,PE,17.0,2939.0,35.0,2379.0,75.0,1819.0,214.0,1083.0,531.0
583,2026-03-01,PI,21.0,594.0,33.0,503.0,50.0,410.0,95.0,280.0,171.0
584,2026-03-01,PR,7.0,23661.0,27.0,18218.0,100.0,12964.0,571.0,6506.0,2350.0
585,2026-03-01,RJ,2.0,20200.0,11.0,15350.0,48.0,10709.0,346.0,5115.0,1679.0
586,2026-03-01,RN,5.0,3076.0,13.0,2430.0,36.0,1797.0,137.0,989.0,423.0
587,2026-03-01,RO,5.0,999.0,12.0,808.0,25.0,618.0,72.0,368.0,180.0
588,2026-03-01,RR,0.0,114.0,0.0,87.0,0.0,60.0,2.0,28.0,9.0
589,2026-03-01,RS,0.0,4537.0,0.0,3277.0,1.0,2114.0,16.0,820.0,175.0
590,2026-03-01,SC,0.0,8264.0,0.0,5756.0,0.0,3500.0,8.0,1148.0,169.0
591,2026-03-01,SE,0.0,230.0,1.0,182.0,3.0,135.0,10.0,75.0,32.0
592,2026-03-01,SP,122.0,74163.0,325.0,58611.0,868.0,43337.0,3316.0,23861.0,10223.0
593,2026-03-01,TO,29.0,826.0,44.0,700.0,69.0,569.0,130.0,388.0,236.0
594,2026-03-08,AC,8.0,1123.0,16.0,914.0,34.0,704.0,91.0,426.0,215.0
595,2026-03-08,AL,4.0,1277.0,10.0,1023.0,23.0,771.0,75.0,444.0,206.0
596,2026-03-08,AM,2.0,2469.0,7.0,1933.0,20.0,1410.0,89.0,751.0,303.0
597,2026-03-08,AP,0.0,420.0,0.0,325.0,2.0,233.0,11.0,119.0,45.0
598,2026-03-08,BA,57.0,10009.0,119.0,8097.0,254.0,6190.0,725.0,3681.0,1803.0
599,2026-03-08,CE,67.0,2343.0,106.0,1971.0,170.0,1590.0,336.0,1064.0,630.0
600,2026-03-08,DF,1.0,9527.0,7.0,7276.0,28.0,5115.0,186.0,2491.0,849.0
601,2026-03-08,ES,0.0,11657.0,1.0,8611.0,7.0,5754.0,88.0,2456.0,643.0
602,2026-03-08,GO,378.0,15222.0,609.0,12751.0,999.0,10228.0,2040.0,6761.0,3929.0
603,2026-03-08,MA,11.0,1197.0,22.0,979.0,42.0,761.0,107.0,469.0,243.0
604,2026-03-08,MG,30.0,82055.0,106.0,63302.0,377.0,45179.0,2082.0,22839.0,8363.0
605,2026-03-08,MS,14.0,6556.0,36.0,5206.0,91.0,3877.0,326.0,2170.0,957.0
606,2026-03-08,MT,117.0,2440.0,169.0,2084.0,250.0,1717.0,442.0,1199.0,758.0
607,2026-03-08,PA,77.0,1069.0,104.0,926.0,144.0,776.0,235.0,563.0,375.0
608,2026-03-08,PB,12.0,1521.0,24.0,1241.0,49.0,959.0,128.0,585.0,299.0
609,2026-03-08,PE,28.0,2970.0,54.0,2430.0,105.0,1888.0,266.0,1164.0,605.0
610,2026-03-08,PI,22.0,749.0,34.0,630.0,55.0,509.0,108.0,341.0,203.0
611,2026-03-08,PR,7.0,28589.0,28.0,21950.0,107.0,15555.0,642.0,7725.0,2735.0
612,2026-03-08,RJ,4.0,20064.0,16.0,15357.0,66.0,10832.0,416.0,5317.0,1841.0
613,2026-03-08,RN,8.0,2931.0,20.0,2342.0,49.0,1759.0,165.0,1004.0,458.0
614,2026-03-08,RO,4.0,999.0,9.0,803.0,21.0,609.0,64.0,355.0,168.0
615,2026-03-08,RR,0.0,90.0,0.0,70.0,0.0,51.0,2.0,26.0,10.0
616,2026-03-08,RS,0.0,6749.0,0.0,4840.0,1.0,3085.0,19.0,1159.0,231.0
617,2026-03-08,SC,0.0,10195.0,0.0,7182.0,0.0,4449.0,15.0,1541.0,257.0
618,2026-03-08,SE,0.0,223.0,0.0,175.0,2.0,128.0,9.0,69.0,29.0
619,2026-03-08,SP,125.0,84854.0,339.0,66930.0,926.0,49349.0,3634.0,26991.0,11427.0
620,2026-03-08,TO,42.0,715.0,59.0,615.0,85.0,511.0,143.0,364.0,237.0
621,2026-03-15,AC,8.0,1011.0,15.0,823.0,31.0,636.0,83.0,387.0,196.0
622,2026-03-15,AL,4.0,1379.0,9.0,1101.0,23.0,827.0,77.0,472.0,216.0
623,2026-03-15,AM,3.0,2091.0,9.0,1652.0,24.0,1220.0,92.0,670.0,286.0
624,2026-03-15,AP,0.0,295.0,1.0,234.0,4.0,174.0,14.0,97.0,42.0
625,2026-03-15,BA,69.0,10398.0,142.0,8440.0,292.0,6483.0,803.0,3897.0,1944.0
626,2026-03-15,CE,72.0,2618.0,115.0,2200.0,185.0,1772.0,369.0,1182.0,697.0
627,2026-03-15,DF,2.0,8923.0,10.0,6867.0,37.0,4883.0,213.0,2446.0,880.0
628,2026-03-15,ES,0.0,12257.0,1.0,9061.0,7.0,6060.0,94.0,2594.0,683.0
629,2026-03-15,GO,419.0,15695.0,666.0,13173.0,1080.0,10595.0,2171.0,7044.0,4130.0
630,2026-03-15,MA,14.0,1102.0,26.0,909.0,48.0,714.0,113.0,451.0,243.0
631,2026-03-15,MG,40.0,86524.0,136.0,66995.0,462.0,48075.0,2403.0,24628.0,9247.0
632,2026-03-15,MS,20.0,6431.0,47.0,5143.0,113.0,3868.0,369.0,2215.0,1018.0
633,2026-03-15,MT,128.0,2394.0,182.0,2052.0,264.0,1698.0,457.0,1198.0,768.0
634,2026-03-15,PA,80.0,1098.0,108.0,952.0,150.0,799.0,243.0,579.0,387.0
635,2026-03-15,PB,20.0,1502.0,36.0,1239.0,66.0,973.0,155.0,615.0,333.0
636,2026-03-15,PE,35.0,3081.0,66.0,2532.0,123.0,1978.0,298.0,1235.0,656.0
637,2026-03-15,PI,22.0,944.0,36.0,790.0,59.0,632.0,123.0,416.0,240.0
638,2026-03-15,PR,10.0,31287.0,38.0,24112.0,138.0,17183.0,773.0,8654.0,3146.0
639,2026-03-15,RJ,6.0,21054.0,22.0,16185.0,83.0,11490.0,488.0,5732.0,2047.0
640,2026-03-15,RN,13.0,2931.0,29.0,2360.0,64.0,1793.0,193.0,1050.0,501.0
641,2026-03-15,RO,8.0,771.0,16.0,633.0,30.0,495.0,74.0,309.0,164.0
642,2026-03-15,RR,0.0,109.0,0.0,85.0,0.0,62.0,3.0,32.0,13.0
643,2026-03-15,RS,0.0,8450.0,0.0,6077.0,1.0,3892.0,26.0,1480.0,303.0
644,2026-03-15,SC,0.0,14474.0,0.0,9832.0,0.0,5733.0,5.0,1662.0,184.0
645,2026-03-15,SE,0.0,241.0,1.0,192.0,3.0,143.0,12.0,80.0,36.0
646,2026-03-15,SP,144.0,95348.0,389.0,75239.0,1057.0,55510.0,4122.0,30404.0,12905.0
647,2026-03-15,TO,37.0,786.0,53.0,672.0,79.0,553.0,141.0,386.0,243.0
648,2026-03-22,AC,9.0,798.0,17.0,656.0,32.0,513.0,78.0,322.0,172.0
649,2026-03-22,AL,3.0,1705.0,8.0,1350.0,21.0,1002.0,80.0,556.0,242.0
650,2026-03-22,AM,5.0,1599.0,11.0,1278.0,27.0,961.0,91.0,550.0,252.0
651,2026-03-22,AP,0.0,246.0,1.0,194.0,2.0,142.0,10.0,77.0,32.0
652,2026-03-22,BA,66.0,10737.0,137.0,8701.0,287.0,6667.0,803.0,3986.0,1970.0
653,2026-03-22,CE,68.0,2765.0,111.0,2317.0,182.0,1859.0,371.0,1229.0,715.0
654,2026-03-22,DF,3.0,8526.0,12.0,6589.0,42.0,4715.0,226.0,2399.0,889.0
655,2026-03-22,ES,0.0,11579.0,1.0,8575.0,8.0,5751.0,94.0,2480.0,663.0
656,2026-03-22,GO,454.0,15043.0,708.0,12670.0,1124.0,10238.0,2199.0,6875.0,4092.0
657,2026-03-22,MA,11.0,1126.0,21.0,923.0,41.0,718.0,104.0,445.0,233.0
658,2026-03-22,MG,44.0,88666.0,147.0,68722.0,494.0,49388.0,2524.0,25394.0,9600.0
659,2026-03-22,MS,29.0,5862.0,63.0,4730.0,138.0,3603.0,404.0,2126.0,1027.0
660,2026-03-22,MT,132.0,2258.0,185.0,1942.0,265.0,1613.0,449.0,1147.0,744.0
661,2026-03-22,PA,56.0,1055.0,79.0,904.0,115.0,748.0,200.0,527.0,337.0
662,2026-03-22,PB,20.0,1490.0,36.0,1229.0,67.0,966.0,155.0,611.0,331.0
663,2026-03-22,PE,44.0,3080.0,79.0,2544.0,142.0,2003.0,327.0,1271.0,693.0
664,2026-03-22,PI,15.0,1215.0,28.0,1001.0,52.0,785.0,124.0,495.0,266.0
665,2026-03-22,PR,11.0,35001.0,42.0,26971.0,153.0,19216.0,862.0,9672.0,3513.0
666,2026-03-22,RJ,7.0,20525.0,26.0,15829.0,93.0,11291.0,516.0,5700.0,2081.0
667,2026-03-22,RN,18.0,2572.0,37.0,2092.0,76.0,1611.0,205.0,974.0,490.0
668,2026-03-22,RO,9.0,658.0,16.0,543.0,29.0,427.0,68.0,270.0,146.0
669,2026-03-22,RR,0.0,119.0,0.0,92.0,0.0,66.0,3.0,33.0,12.0
670,2026-03-22,RS,0.0,10821.0,0.0,7734.0,1.0,4904.0,27.0,1815.0,350.0
671,2026-03-22,SC,0.0,19962.0,0.0,13646.0,0.0,8042.0,9.0,2406.0,287.0
672,2026-03-22,SE,1.0,230.0,2.0,185.0,4.0,140.0,14.0,81.0,38.0
673,2026-03-22,SP,132.0,105868.0,370.0,83273.0,1044.0,61152.0,4260.0,33126.0,13784.0
674,2026-03-22,TO,37.0,814.0,55.0,694.0,81.0,571.0,145.0,398.0,250.0
675,2026-03-29,AC,7.0,669.0,14.0,550.0,27.0,430.0,65.0,269.0,143.0
676,2026-03-29,AL,2.0,1801.0,7.0,1421.0,20.0,1048.0,78.0,574.0,244.0
677,2026-03-29,AM,5.0,1274.0,12.0,1025.0,27.0,777.0,82.0,454.0,216.0
678,2026-03-29,AP,0.0,287.0,0.0,224.0,2.0,163.0,10.0,86.0,34.0
679,2026-03-29,BA,81.0,9566.0,158.0,7805.0,313.0,6038.0,813.0,3688.0,1889.0
680,2026-03-29,CE,67.0,3172.0,111.0,2646.0,187.0,2110.0,397.0,1378.0,785.0
681,2026-03-29,DF,7.0,6535.0,21.0,5133.0,61.0,3761.0,254.0,2027.0,836.0
682,2026-03-29,ES,0.0,10306.0,2.0,7733.0,13.0,5292.0,124.0,2406.0,716.0
683,2026-03-29,GO,487.0,13606.0,737.0,11516.0,1139.0,9368.0,2147.0,6379.0,3879.0
684,2026-03-29,MA,9.0,1068.0,18.0,872.0,36.0,676.0,93.0,415.0,214.0
685,2026-03-29,MG,67.0,76334.0,200.0,59690.0,603.0,43460.0,2684.0,23064.0,9245.0
686,2026-03-29,MS,30.0,5360.0,64.0,4337.0,137.0,3317.0,389.0,1974.0,968.0
687,2026-03-29,MT,124.0,2033.0,173.0,1751.0,245.0,1457.0,412.0,1040.0,678.0
688,2026-03-29,PA,48.0,894.0,68.0,767.0,99.0,635.0,171.0,448.0,288.0
689,2026-03-29,PB,19.0,1498.0,35.0,1234.0,64.0,968.0,151.0,609.0,327.0
690,2026-03-29,PE,45.0,2930.0,79.0,2424.0,140.0,1912.0,319.0,1218.0,668.0
691,2026-03-29,PI,11.0,1379.0,22.0,1124.0,43.0,869.0,115.0,529.0,269.0
692,2026-03-29,PR,13.0,35318.0,46.0,27252.0,163.0,19455.0,900.0,9842.0,3608.0
693,2026-03-29,RJ,11.0,18372.0,35.0,14279.0,114.0,10304.0,559.0,5351.0,2061.0
694,2026-03-29,RN,20.0,2304.0,38.0,1881.0,76.0,1456.0,198.0,891.0,457.0
695,2026-03-29,RO,7.0,586.0,13.0,483.0,25.0,379.0,59.0,239.0,128.0
696,2026-03-29,RR,0.0,109.0,0.0,84.0,0.0,59.0,2.0,29.0,10.0
697,2026-03-29,RS,0.0,12785.0,0.0,9140.0,1.0,5798.0,33.0,2147.0,415.0
698,2026-03-29,SC,0.0,22161.0,0.0,15296.0,0.0,9161.0,15.0,2876.0,383.0
699,2026-03-29,SE,1.0,229.0,2.0,185.0,5.0,140.0,15.0,82.0,39.0
700,2026-03-29,SP,162.0,101039.0,433.0,79815.0,1164.0,58977.0,4473.0,32422.0,13853.0
701,2026-03-29,TO,33.0,768.0,49.0,655.0,73.0,537.0,133.0,372.0,232.0
702,2026-04-05,AC,8.0,576.0,15.0,477.0,27.0,376.0,63.0,240.0,132.0
703,2026-04-05,AL,7.0,1667.0,17.0,1344.0,37.0,1022.0,112.0,600.0,288.0
704,2026-04-05,AM,6.0,1165.0,14.0,943.0,29.0,721.0,84.0,429.0,210.0
705,2026-04-05,AP,0.0,304.0,1.0,241.0,3.0,178.0,14.0,99.0,43.0
706,2026-04-05,BA,90.0,10424.0,175.0,8508.0,345.0,6586.0,893.0,4028.0,2067.0
707,2026-04-05,CE,97.0,3849.0,156.0,3225.0,255.0,2589.0,519.0,1713.0,998.0
708,2026-04-05,DF,7.0,6850.0,21.0,5377.0,62.0,3936.0,262.0,2116.0,869.0
709,2026-04-05,ES,0.0,10619.0,2.0,7917.0,10.0,5366.0,106.0,2378.0,672.0
710,2026-04-05,GO,457.0,15287.0,713.0,12872.0,1135.0,10398.0,2225.0,6976.0,4148.0
711,2026-04-05,MA,13.0,1010.0,24.0,833.0,44.0,654.0,103.0,412.0,222.0
712,2026-04-05,MG,83.0,81351.0,241.0,63770.0,705.0,46596.0,3028.0,24942.0,10156.0
713,2026-04-05,MS,36.0,4872.0,72.0,3964.0,147.0,3055.0,394.0,1850.0,934.0
714,2026-04-05,MT,116.0,2166.0,165.0,1857.0,239.0,1536.0,413.0,1084.0,695.0
715,2026-04-05,PA,52.0,905.0,73.0,778.0,104.0,646.0,178.0,458.0,296.0
716,2026-04-05,PB,28.0,1519.0,48.0,1264.0,83.0,1004.0,181.0,650.0,365.0
717,2026-04-05,PE,57.0,3260.0,97.0,2706.0,170.0,2143.0,375.0,1379.0,768.0
718,2026-04-05,PI,15.0,1485.0,29.0,1218.0,56.0,949.0,139.0,589.0,310.0
719,2026-04-05,PR,13.0,37801.0,47.0,29150.0,171.0,20792.0,949.0,10495.0,3832.0
720,2026-04-05,RJ,12.0,20902.0,39.0,16235.0,127.0,11705.0,627.0,6066.0,2327.0
721,2026-04-05,RN,33.0,2576.0,60.0,2122.0,110.0,1664.0,261.0,1047.0,563.0
722,2026-04-05,RO,11.0,470.0,19.0,394.0,31.0,316.0,63.0,209.0,122.0
723,2026-04-05,RR,0.0,148.0,0.0,112.0,0.0,78.0,2.0,37.0,12.0
724,2026-04-05,RS,0.0,15837.0,0.0,11231.0,1.0,7033.0,30.0,2511.0,448.0
725,2026-04-05,SC,0.0,24826.0,0.0,17183.0,0.0,10338.0,19.0,3290.0,452.0
726,2026-04-05,SE,1.0,280.0,2.0,225.0,5.0,170.0,18.0,99.0,47.0
727,2026-04-05,SP,169.0,110395.0,454.0,87129.0,1232.0,64299.0,4792.0,35241.0,14975.0
728,2026-04-05,TO,40.0,779.0,58.0,667.0,84.0,551.0,147.0,388.0,248.0
729,2026-04-12,AC,9.0,457.0,16.0,381.0,27.0,304.0,57.0,199.0,113.0
730,2026-04-12,AL,8.0,1803.0,17.0,1452.0,39.0,1102.0,118.0,645.0,308.0
731,2026-04-12,AM,10.0,900.0,18.0,739.0,35.0,577.0,86.0,360.0,190.0
732,2026-04-12,AP,0.0,219.0,1.0,175.0,4.0,132.0,13.0,76.0,35.0
733,2026-04-12,BA,105.0,9644.0,195.0,7912.0,370.0,6169.0,909.0,3835.0,2021.0
734,2026-04-12,CE,108.0,4103.0,172.0,3442.0,280.0,2768.0,565.0,1838.0,1076.0
735,2026-04-12,DF,11.0,6668.0,30.0,5274.0,80.0,3904.0,303.0,2155.0,928.0
736,2026-04-12,ES,0.0,9531.0,2.0,7139.0,11.0,4873.0,109.0,2201.0,646.0
737,2026-04-12,GO,484.0,14329.0,740.0,12107.0,1154.0,9827.0,2203.0,6659.0,4020.0
738,2026-04-12,MA,14.0,933.0,24.0,772.0,44.0,608.0,101.0,387.0,212.0
739,2026-04-12,MG,100.0,77068.0,277.0,60655.0,776.0,44580.0,3142.0,24198.0,10105.0
740,2026-04-12,MS,32.0,4846.0,66.0,3933.0,136.0,3021.0,374.0,1816.0,906.0
741,2026-04-12,MT,106.0,2336.0,155.0,1992.0,230.0,1637.0,412.0,1138.0,713.0
742,2026-04-12,PA,53.0,782.0,73.0,676.0,102.0,566.0,168.0,408.0,270.0
743,2026-04-12,PB,38.0,1505.0,62.0,1262.0,101.0,1014.0,205.0,672.0,392.0
744,2026-04-12,PE,60.0,3189.0,101.0,2652.0,174.0,2106.0,379.0,1363.0,766.0
745,2026-04-12,PI,22.0,1472.0,40.0,1218.0,71.0,961.0,161.0,613.0,336.0
746,2026-04-12,PR,13.0,37698.0,48.0,29079.0,172.0,20750.0,953.0,10484.0,3835.0
747,2026-04-12,RJ,10.0,20807.0,35.0,16135.0,118.0,11603.0,599.0,5976.0,2266.0
748,2026-04-12,RN,46.0,2589.0,78.0,2149.0,136.0,1704.0,300.0,1098.0,613.0
749,2026-04-12,RO,6.0,452.0,12.0,373.0,21.0,294.0,49.0,187.0,102.0
750,2026-04-12,RR,0.0,113.0,0.0,87.0,0.0,61.0,2.0,30.0,11.0
751,2026-04-12,RS,0.0,17766.0,0.0,12593.0,1.0,7878.0,33.0,2807.0,498.0
752,2026-04-12,SC,0.0,26395.0,0.0,18326.0,0.0,11083.0,23.0,3580.0,509.0
753,2026-04-12,SE,2.0,256.0,4.0,209.0,8.0,162.0,21.0,99.0,50.0
754,2026-04-12,SP,152.0,113869.0,421.0,89668.0,1170.0,65957.0,4700.0,35870.0,15032.0
755,2026-04-12,TO,45.0,755.0,64.0,650.0,91.0,541.0,153.0,386.0,251.0
756,2026-04-19,AC,10.0,381.0,17.0,321.0,27.0,259.0,54.0,173.0,102.0
757,2026-04-19,AL,10.0,1837.0,22.0,1487.0,48.0,1138.0,135.0,679.0,334.0
758,2026-04-19,AM,16.0,674.0,26.0,564.0,43.0,452.0,89.0,299.0,173.0
759,2026-04-19,AP,0.0,210.0,1.0,168.0,3.0,127.0,12.0,73.0,33.0
760,2026-04-19,BA,100.0,9058.0,187.0,7435.0,352.0,5801.0,861.0,3611.0,1908.0
761,2026-04-19,CE,109.0,4427.0,177.0,3708.0,290.0,2974.0,593.0,1966.0,1142.0
762,2026-04-19,DF,11.0,6087.0,30.0,4824.0,79.0,3581.0,289.0,1991.0,868.0
763,2026-04-19,ES,0.0,8922.0,2.0,6699.0,12.0,4591.0,110.0,2094.0,627.0
764,2026-04-19,GO,458.0,14100.0,705.0,11900.0,1106.0,9644.0,2130.0,6514.0,3913.0
765,2026-04-19,MA,14.0,1012.0,26.0,836.0,46.0,658.0,107.0,418.0,227.0
766,2026-04-19,MG,127.0,64961.0,327.0,51495.0,847.0,38243.0,3103.0,21275.0,9284.0
767,2026-04-19,MS,36.0,4236.0,70.0,3457.0,139.0,2675.0,362.0,1635.0,838.0
768,2026-04-19,MT,61.0,2611.0,100.0,2184.0,165.0,1749.0,342.0,1151.0,665.0
769,2026-04-19,PA,45.0,693.0,62.0,598.0,88.0,500.0,146.0,359.0,236.0
770,2026-04-19,PB,52.0,1396.0,79.0,1183.0,121.0,965.0,226.0,660.0,405.0
771,2026-04-19,PE,82.0,3133.0,132.0,2629.0,214.0,2114.0,432.0,1405.0,823.0
772,2026-04-19,PI,19.0,1656.0,36.0,1362.0,67.0,1066.0,163.0,667.0,356.0
773,2026-04-19,PR,11.0,35730.0,41.0,27505.0,150.0,19567.0,858.0,9812.0,3539.0
774,2026-04-19,RJ,11.0,18307.0,37.0,14246.0,119.0,10298.0,573.0,5371.0,2085.0
775,2026-04-19,RN,48.0,2534.0,81.0,2107.0,139.0,1674.0,302.0,1084.0,610.0
776,2026-04-19,RO,7.0,381.0,13.0,318.0,22.0,253.0,47.0,165.0,93.0
777,2026-04-19,RR,0.0,129.0,0.0,98.0,0.0,68.0,2.0,33.0,10.0
778,2026-04-19,RS,0.0,18726.0,0.0,13139.0,0.0,8086.0,24.0,2748.0,438.0
779,2026-04-19,SC,0.0,26545.0,0.0,18478.0,0.0,11224.0,25.0,3672.0,538.0
780,2026-04-19,SE,2.0,234.0,4.0,192.0,8.0,150.0,22.0,93.0,49.0
781,2026-04-19,SP,171.0,106699.0,455.0,84278.0,1225.0,62266.0,4713.0,34219.0,14611.0
782,2026-04-19,TO,42.0,745.0,60.0,640.0,86.0,531.0,146.0,377.0,244.0
783,2026-04-26,AC,5.0,372.0,10.0,308.0,18.0,243.0,41.0,155.0,85.0
784,2026-04-26,AL,12.0,1847.0,26.0,1500.0,53.0,1154.0,145.0,695.0,348.0
785,2026-04-26,AM,13.0,550.0,22.0,461.0,36.0,370.0,74.0,245.0,143.0
786,2026-04-26,AP,0.0,164.0,1.0,132.0,4.0,101.0,11.0,60.0,29.0
787,2026-04-26,BA,141.0,7775.0,241.0,6459.0,416.0,5124.0,911.0,3307.0,1851.0
788,2026-04-26,CE,107.0,4650.0,175.0,3888.0,291.0,3110.0,604.0,2045.0,1178.0
789,2026-04-26,DF,17.0,5328.0,39.0,4260.0,93.0,3204.0,306.0,1835.0,843.0
790,2026-04-26,ES,0.0,8090.0,2.0,6100.0,13.0,4206.0,112.0,1949.0,603.0
791,2026-04-26,GO,480.0,13847.0,731.0,11710.0,1135.0,9514.0,2155.0,6462.0,3914.0
792,2026-04-26,MA,21.0,808.0,33.0,678.0,55.0,545.0,111.0,362.0,211.0
793,2026-04-26,MG,139.0,58098.0,343.0,46218.0,856.0,34499.0,2994.0,19422.0,8656.0
794,2026-04-26,MS,31.0,3815.0,61.0,3109.0,121.0,2402.0,319.0,1463.0,746.0
795,2026-04-26,MT,58.0,2476.0,94.0,2071.0,156.0,1658.0,324.0,1091.0,630.0
796,2026-04-26,PA,41.0,611.0,56.0,528.0,78.0,442.0,130.0,318.0,210.0
797,2026-04-26,PB,64.0,1305.0,93.0,1116.0,136.0,920.0,240.0,645.0,409.0
798,2026-04-26,PE,86.0,2880.0,134.0,2425.0,214.0,1959.0,419.0,1315.0,782.0
799,2026-04-26,PI,25.0,1607.0,44.0,1330.0,78.0,1050.0,177.0,671.0,369.0
800,2026-04-26,PR,12.0,29797.0,42.0,23024.0,146.0,16471.0,786.0,8375.0,3100.0
801,2026-04-26,RJ,16.0,16156.0,48.0,12665.0,140.0,9254.0,601.0,4954.0,2017.0
802,2026-04-26,RN,53.0,2475.0,88.0,2066.0,148.0,1649.0,312.0,1078.0,616.0
803,2026-04-26,RO,6.0,324.0,10.0,270.0,18.0,214.0,39.0,139.0,78.0
804,2026-04-26,RR,0.0,111.0,0.0,85.0,0.0,61.0,3.0,31.0,11.0
805,2026-04-26,RS,0.0,17424.0,0.0,12288.0,1.0,7625.0,27.0,2653.0,447.0
806,2026-04-26,SC,0.0,23326.0,0.0,16365.0,1.0,10068.0,30.0,3419.0,544.0
807,2026-04-26,SE,3.0,203.0,5.0,168.0,10.0,133.0,22.0,85.0,47.0
808,2026-04-26,SP,128.0,103890.0,360.0,81700.0,1016.0,59977.0,4160.0,32466.0,13491.0
809,2026-04-26,TO,48.0,691.0,66.0,598.0,91.0,501.0,150.0,362.0,240.0
810,2026-05-03,AC,9.0,321.0,14.0,270.0,23.0,218.0,46.0,146.0,86.0
811,2026-05-03,AL,12.0,2167.0,26.0,1754.0,55.0,1341.0,158.0,799.0,392.0
812,2026-05-03,AM,17.0,473.0,26.0,401.0,40.0,327.0,76.0,223.0,136.0
813,2026-05-03,AP,0.0,159.0,1.0,128.0,3.0,97.0,11.0,57.0,28.0
814,2026-05-03,BA,149.0,7393.0,249.0,6158.0,423.0,4903.0,905.0,3189.0,1808.0
815,2026-05-03,CE,108.0,5047.0,178.0,4211.0,300.0,3360.0,634.0,2196.0,1253.0
816,2026-05-03,DF,25.0,4731.0,53.0,3821.0,115.0,2915.0,333.0,1725.0,838.0
817,2026-05-03,ES,0.0,7938.0,2.0,5982.0,13.0,4121.0,108.0,1906.0,587.0
818,2026-05-03,GO,517.0,13467.0,775.0,11423.0,1183.0,9319.0,2195.0,6384.0,3917.0
819,2026-05-03,MA,25.0,645.0,38.0,548.0,58.0,448.0,107.0,308.0,190.0
820,2026-05-03,MG,132.0,51711.0,322.0,41186.0,794.0,30796.0,2734.0,17408.0,7813.0
821,2026-05-03,MS,23.0,3742.0,48.0,3033.0,100.0,2325.0,281.0,1391.0,688.0
822,2026-05-03,MT,49.0,2510.0,82.0,2089.0,141.0,1662.0,303.0,1079.0,609.0
823,2026-05-03,PA,61.0,540.0,78.0,476.0,101.0,409.0,150.0,310.0,220.0
824,2026-05-03,PB,53.0,1548.0,81.0,1309.0,126.0,1064.0,240.0,722.0,437.0
825,2026-05-03,PE,90.0,2991.0,140.0,2519.0,223.0,2035.0,437.0,1366.0,813.0
826,2026-05-03,PI,31.0,1388.0,51.0,1160.0,86.0,928.0,179.0,609.0,350.0
827,2026-05-03,PR,7.0,30878.0,27.0,23656.0,105.0,16709.0,656.0,8232.0,2870.0
828,2026-05-03,RJ,18.0,14263.0,51.0,11224.0,142.0,8247.0,579.0,4473.0,1866.0
829,2026-05-03,RN,60.0,2426.0,97.0,2033.0,159.0,1631.0,326.0,1078.0,627.0
830,2026-05-03,RO,6.0,317.0,11.0,264.0,19.0,211.0,40.0,138.0,79.0
831,2026-05-03,RR,0.0,140.0,0.0,105.0,0.0,72.0,2.0,33.0,10.0
832,2026-05-03,RS,0.0,15054.0,0.0,10613.0,0.0,6582.0,23.0,2287.0,383.0
833,2026-05-03,SC,0.0,22325.0,0.0,15560.0,0.0,9471.0,22.0,3117.0,463.0
834,2026-05-03,SE,3.0,247.0,6.0,204.0,11.0,160.0,26.0,102.0,55.0
835,2026-05-03,SP,96.0,99540.0,283.0,77964.0,837.0,56900.0,3636.0,30371.0,12303.0
836,2026-05-03,TO,46.0,694.0,64.0,600.0,89.0,501.0,147.0,361.0,238.0
837,2026-05-10,AC,8.0,297.0,12.0,250.0,20.0,201.0,41.0,134.0,79.0
838,2026-05-10,AL,15.0,2255.0,31.0,1831.0,64.0,1408.0,176.0,848.0,424.0
839,2026-05-10,AM,14.0,459.0,22.0,387.0,35.0,314.0,68.0,211.0,127.0
840,2026-05-10,AP,0.0,201.0,1.0,159.0,2.0,119.0,10.0,66.0,29.0
841,2026-05-10,BA,152.0,7010.0,251.0,5851.0,422.0,4671.0,886.0,3056.0,1748.0
842,2026-05-10,CE,90.0,5786.0,157.0,4788.0,279.0,3777.0,633.0,2409.0,1324.0
843,2026-05-10,DF,33.0,4109.0,66.0,3349.0,131.0,2588.0,344.0,1577.0,804.0
844,2026-05-10,ES,0.0,7930.0,2.0,5978.0,13.0,4120.0,109.0,1908.0,589.0
845,2026-05-10,GO,477.0,12347.0,714.0,10475.0,1089.0,8548.0,2018.0,5859.0,3598.0
846,2026-05-10,MA,29.0,515.0,42.0,443.0,60.0,368.0,102.0,261.0,169.0
847,2026-05-10,MG,114.0,44342.0,278.0,35323.0,685.0,26418.0,2352.0,14941.0,6713.0
848,2026-05-10,MS,19.0,3265.0,39.0,2642.0,83.0,2021.0,238.0,1203.0,590.0
849,2026-05-10,MT,41.0,2454.0,72.0,2036.0,126.0,1611.0,279.0,1035.0,575.0
850,2026-05-10,PA,54.0,530.0,69.0,465.0,91.0,397.0,139.0,298.0,208.0
851,2026-05-10,PB,60.0,1599.0,90.0,1356.0,138.0,1105.0,258.0,756.0,463.0
852,2026-05-10,PE,115.0,2754.0,170.0,2342.0,256.0,1918.0,467.0,1324.0,821.0
853,2026-05-10,PI,43.0,1371.0,67.0,1156.0,105.0,936.0,204.0,631.0,378.0
854,2026-05-10,PR,4.0,29849.0,18.0,22722.0,77.0,15896.0,536.0,7644.0,2543.0
855,2026-05-10,RJ,19.0,13354.0,52.0,10529.0,143.0,7759.0,566.0,4237.0,1789.0
856,2026-05-10,RN,70.0,2220.0,109.0,1873.0,172.0,1517.0,333.0,1023.0,614.0
857,2026-05-10,RO,6.0,286.0,10.0,239.0,17.0,191.0,36.0,125.0,72.0
858,2026-05-10,RR,0.0,140.0,0.0,107.0,0.0,75.0,2.0,36.0,12.0
859,2026-05-10,RS,0.0,13487.0,0.0,9420.0,0.0,5753.0,15.0,1912.0,290.0
860,2026-05-10,SC,0.0,22955.0,0.0,15758.0,0.0,9352.0,13.0,2858.0,358.0
861,2026-05-10,SE,6.0,234.0,9.0,197.0,16.0,158.0,32.0,105.0,61.0
862,2026-05-10,SP,51.0,98659.0,170.0,76521.0,565.0,55049.0,2857.0,28376.0,10778.0
863,2026-05-10,TO,43.0,640.0,60.0,553.0,83.0,463.0,137.0,334.0,221.0
864,2026-05-17,AC,6.0,272.0,10.0,228.0,18.0,183.0,36.0,121.0,70.0
865,2026-05-17,AL,17.0,2295.0,35.0,1869.0,71.0,1442.0,188.0,876.0,444.0
866,2026-05-17,AM,14.0,414.0,22.0,350.0,34.0,285.0,65.0,194.0,118.0
867,2026-05-17,AP,0.0,151.0,1.0,122.0,3.0,92.0,9.0,54.0,25.0
868,2026-05-17,BA,132.0,6244.0,219.0,5208.0,370.0,4154.0,782.0,2713.0,1547.0
869,2026-05-17,CE,91.0,5664.0,158.0,4691.0,280.0,3706.0,629.0,2370.0,1307.0
870,2026-05-17,DF,21.0,4137.0,46.0,3341.0,99.0,2548.0,290.0,1507.0,731.0
871,2026-05-17,ES,0.0,7117.0,2.0,5364.0,11.0,3697.0,97.0,1711.0,528.0
872,2026-05-17,GO,438.0,10346.0,645.0,8802.0,970.0,7209.0,1763.0,4979.0,3093.0
873,2026-05-17,MA,26.0,484.0,37.0,415.0,54.0,344.0,93.0,243.0,156.0
874,2026-05-17,MG,92.0,35355.0,225.0,28172.0,551.0,21079.0,1887.0,11933.0,5370.0
875,2026-05-17,MS,14.0,2607.0,30.0,2107.0,64.0,1608.0,185.0,954.0,465.0
876,2026-05-17,MT,33.0,2268.0,59.0,1875.0,106.0,1477.0,243.0,939.0,513.0
877,2026-05-17,PA,48.0,431.0,61.0,380.0,80.0,326.0,118.0,247.0,175.0
878,2026-05-17,PB,64.0,1624.0,96.0,1380.0,146.0,1127.0,270.0,775.0,478.0
879,2026-05-17,PE,105.0,2786.0,157.0,2362.0,241.0,1925.0,450.0,1317.0,806.0
880,2026-05-17,PI,53.0,1185.0,78.0,1010.0,116.0,830.0,208.0,576.0,361.0
881,2026-05-17,PR,2.0,24109.0,11.0,18275.0,51.0,12703.0,386.0,6010.0,1937.0
882,2026-05-17,RJ,21.0,10764.0,55.0,8537.0,142.0,6344.0,519.0,3535.0,1547.0
883,2026-05-17,RN,54.0,2372.0,89.0,1983.0,148.0,1587.0,308.0,1043.0,601.0
884,2026-05-17,RO,6.0,231.0,9.0,194.0,16.0,156.0,32.0,104.0,61.0
885,2026-05-17,RR,0.0,181.0,0.0,135.0,0.0,92.0,2.0,41.0,11.0
886,2026-05-17,RS,0.0,14291.0,0.0,9716.0,0.0,5674.0,5.0,1652.0,185.0
887,2026-05-17,SC,0.0,19682.0,0.0,13464.0,0.0,7944.0,9.0,2385.0,287.0
888,2026-05-17,SE,6.0,246.0,10.0,207.0,16.0,166.0,33.0,110.0,64.0
889,2026-05-17,SP,33.0,87062.0,118.0,67224.0,415.0,48041.0,2257.0,24363.0,8975.0
890,2026-05-17,TO,46.0,591.0,62.0,514.0,85.0,433.0,136.0,316.0,213.0
891,2026-05-24,AC,6.0,239.0,10.0,200.0,16.0,161.0,33.0,107.0,63.0
892,2026-05-24,AL,13.0,2255.0,27.0,1825.0,58.0,1396.0,165.0,832.0,408.0
893,2026-05-24,AM,17.0,322.0,24.0,276.0,35.0,229.0,62.0,162.0,104.0
894,2026-05-24,AP,0.0,138.0,0.0,110.0,2.0,81.0,6.0,45.0,20.0
895,2026-05-24,BA,111.0,5349.0,185.0,4460.0,312.0,3555.0,664.0,2318.0,1318.0
896,2026-05-24,CE,97.0,4584.0,161.0,3824.0,272.0,3050.0,575.0,1993.0,1137.0
897,2026-05-24,DF,18.0,3705.0,39.0,2987.0,85.0,2273.0,252.0,1338.0,644.0
898,2026-05-24,ES,0.0,6042.0,2.0,4566.0,11.0,3159.0,89.0,1477.0,465.0
899,2026-05-24,GO,355.0,8223.0,522.0,7000.0,782.0,5739.0,1415.0,3971.0,2473.0
900,2026-05-24,MA,21.0,403.0,30.0,345.0,44.0,286.0,76.0,201.0,129.0
901,2026-05-24,MG,63.0,26452.0,157.0,21044.0,391.0,15710.0,1365.0,8846.0,3944.0
902,2026-05-24,MS,11.0,1974.0,23.0,1596.0,49.0,1220.0,142.0,725.0,355.0
903,2026-05-24,MT,31.0,1904.0,54.0,1578.0,95.0,1248.0,214.0,799.0,442.0
904,2026-05-24,PA,41.0,321.0,51.0,285.0,66.0,246.0,95.0,189.0,137.0
905,2026-05-24,PB,69.0,1334.0,99.0,1143.0,144.0,945.0,251.0,665.0,424.0
906,2026-05-24,PE,85.0,2563.0,131.0,2165.0,204.0,1756.0,391.0,1189.0,716.0
907,2026-05-24,PI,42.0,1001.0,62.0,852.0,94.0,698.0,171.0,482.0,300.0
908,2026-05-24,PR,2.0,15995.0,10.0,12178.0,41.0,8522.0,289.0,4102.0,1367.0
909,2026-05-24,RJ,15.0,8785.0,40.0,6950.0,106.0,5147.0,402.0,2844.0,1226.0
910,2026-05-24,RN,40.0,2245.0,69.0,1865.0,120.0,1479.0,262.0,954.0,534.0
911,2026-05-24,RO,3.0,185.0,6.0,154.0,10.0,122.0,22.0,80.0,45.0
912,2026-05-24,RR,0.0,248.0,0.0,185.0,0.0,126.0,2.0,56.0,16.0
913,2026-05-24,RS,0.0,7400.0,0.0,5129.0,0.0,3093.0,6.0,991.0,138.0
914,2026-05-24,SC,0.0,11673.0,0.0,8132.0,0.0,4945.0,11.0,1623.0,239.0
915,2026-05-24,SE,5.0,251.0,8.0,210.0,14.0,167.0,31.0,109.0,62.0
916,2026-05-24,SP,20.0,63800.0,75.0,49136.0,273.0,34981.0,1551.0,17574.0,6360.0
917,2026-05-24,TO,31.0,538.0,43.0,462.0,62.0,384.0,106.0,273.0,176.0
918,2026-05-31,AC,8.0,159.0,12.0,137.0,18.0,113.0,31.0,80.0,51.0
919,2026-05-31,AL,11.0,2288.0,23.0,1844.0,52.0,1403.0,154.0,825.0,396.0
920,2026-05-31,AM,14.0,291.0,20.0,249.0,30.0,205.0,53.0,144.0,91.0
921,2026-05-31,AP,0.0,141.0,0.0,110.0,1.0,81.0,5.0,43.0,18.0
922,2026-05-31,BA,84.0,4654.0,144.0,3867.0,249.0,3067.0,545.0,1980.0,1108.0
923,2026-05-31,CE,69.0,4047.0,119.0,3357.0,208.0,2658.0,462.0,1708.0,949.0
924,2026-05-31,DF,15.0,3310.0,33.0,2667.0,74.0,2026.0,221.0,1189.0,569.0
925,2026-05-31,ES,0.0,5427.0,2.0,4107.0,11.0,2848.0,83.0,1340.0,427.0
926,2026-05-31,GO,243.0,6736.0,367.0,5703.0,567.0,4641.0,1067.0,3162.0,1925.0
927,2026-05-31,MA,10.0,387.0,16.0,324.0,26.0,261.0,53.0,173.0,101.0
928,2026-05-31,MG,50.0,17870.0,120.0,14257.0,291.0,10687.0,979.0,6075.0,2754.0
929,2026-05-31,MS,8.0,1423.0,17.0,1152.0,36.0,881.0,104.0,525.0,257.0
930,2026-05-31,MT,34.0,1275.0,54.0,1071.0,88.0,861.0,177.0,573.0,336.0
931,2026-05-31,PA,32.0,259.0,40.0,229.0,51.0,197.0,75.0,151.0,109.0
932,2026-05-31,PB,62.0,1333.0,90.0,1138.0,133.0,936.0,238.0,652.0,410.0
933,2026-05-31,PE,54.0,2626.0,90.0,2189.0,152.0,1744.0,324.0,1136.0,645.0
934,2026-05-31,PI,30.0,934.0,47.0,789.0,74.0,640.0,142.0,433.0,260.0
935,2026-05-31,PR,1.0,9735.0,6.0,7417.0,26.0,5196.0,179.0,2507.0,840.0
936,2026-05-31,RJ,15.0,6469.0,38.0,5147.0,96.0,3843.0,334.0,2165.0,965.0
937,2026-05-31,RN,32.0,2179.0,57.0,1801.0,102.0,1419.0,234.0,902.0,493.0
938,2026-05-31,RO,3.0,171.0,5.0,142.0,9.0,113.0,20.0,73.0,41.0
939,2026-05-31,RR,0.0,284.0,0.0,212.0,0.0,144.0,3.0,64.0,18.0
940,2026-05-31,RS,0.0,4192.0,0.0,2930.0,0.0,1791.0,5.0,597.0,91.0
941,2026-05-31,SC,0.0,8371.0,0.0,5798.0,0.0,3493.0,6.0,1116.0,155.0
942,2026-05-31,SE,3.0,247.0,5.0,203.0,10.0,159.0,25.0,100.0,54.0
943,2026-05-31,SP,20.0,39595.0,67.0,30703.0,224.0,22080.0,1140.0,11372.0,4313.0
944,2026-05-31,TO,27.0,436.0,37.0,376.0,53.0,313.0,89.0,224.0,147.0
945,2026-06-07,AC,3.0,186.0,5.0,154.0,9.0,122.0,21.0,78.0,43.0
946,2026-06-07,AL,22.0,2163.0,42.0,1773.0,81.0,1381.0,201.0,857.0,450.0
947,2026-06-07,AM,15.0,310.0,21.0,265.0,32.0,219.0,57.0,153.0,97.0
948,2026-06-07,AP,0.0,149.0,0.0,117.0,1.0,85.0,5.0,46.0,18.0
949,2026-06-07,BA,97.0,4054.0,158.0,3393.0,261.0,2719.0,536.0,1793.0,1038.0
950,2026-06-07,CE,119.0,3532.0,182.0,2984.0,284.0,2422.0,542.0,1641.0,991.0
951,2026-06-07,DF,13.0,2793.0,29.0,2253.0,65.0,1716.0,191.0,1011.0,488.0
952,2026-06-07,ES,0.0,5305.0,1.0,3988.0,7.0,2737.0,67.0,1253.0,379.0
953,2026-06-07,GO,282.0,5825.0,407.0,4976.0,598.0,4099.0,1057.0,2865.0,1811.0
954,2026-06-07,MA,14.0,333.0,21.0,284.0,32.0,233.0,58.0,162.0,101.0
955,2026-06-07,MG,55.0,13000.0,123.0,10456.0,276.0,7929.0,841.0,4629.0,2198.0
956,2026-06-07,MS,5.0,1162.0,11.0,936.0,26.0,712.0,77.0,418.0,200.0
957,2026-06-07,MT,30.0,1173.0,49.0,984.0,80.0,791.0,161.0,526.0,308.0
958,2026-06-07,PA,24.0,277.0,32.0,242.0,43.0,205.0,68.0,152.0,104.0
959,2026-06-07,PB,64.0,1247.0,92.0,1068.0,134.0,882.0,234.0,620.0,396.0
960,2026-06-07,PE,75.0,2411.0,116.0,2032.0,184.0,1645.0,358.0,1108.0,662.0
961,2026-06-07,PI,41.0,812.0,59.0,696.0,87.0,574.0,151.0,404.0,257.0
962,2026-06-07,PR,1.0,6608.0,3.0,5023.0,16.0,3507.0,114.0,1678.0,553.0
963,2026-06-07,RJ,15.0,5393.0,36.0,4304.0,88.0,3227.0,297.0,1836.0,833.0
964,2026-06-07,RN,34.0,2142.0,60.0,1774.0,106.0,1402.0,239.0,898.0,496.0
965,2026-06-07,RO,4.0,147.0,7.0,124.0,11.0,100.0,22.0,68.0,40.0
966,2026-06-07,RR,0.0,327.0,0.0,236.0,0.0,152.0,1.0,59.0,13.0
967,2026-06-07,RS,0.0,1981.0,0.0,1370.0,0.0,822.0,1.0,260.0,35.0
968,2026-06-07,SC,0.0,6485.0,0.0,4322.0,0.0,2439.0,1.0,640.0,56.0
969,2026-06-07,SE,3.0,275.0,6.0,227.0,12.0,178.0,29.0,113.0,61.0
970,2026-06-07,SP,13.0,28126.0,44.0,21780.0,151.0,15632.0,783.0,8012.0,3010.0
971,2026-06-07,TO,21.0,374.0,30.0,321.0,44.0,267.0,74.0,190.0,123.0
972,2026-06-14,AC,5.0,141.0,8.0,120.0,12.0,98.0,23.0,67.0,41.0
973,2026-06-14,AL,29.0,2027.0,52.0,1675.0,94.0,1319.0,216.0,837.0,457.0
974,2026-06-14,AM,14.0,270.0,20.0,231.0,29.0,191.0,51.0,135.0,86.0
975,2026-06-14,AP,0.0,132.0,0.0,104.0,1.0,76.0,5.0,42.0,17.0
976,2026-06-14,BA,76.0,3336.0,125.0,2789.0,208.0,2231.0,433.0,1466.0,844.0
977,2026-06-14,CE,116.0,3174.0,175.0,2688.0,270.0,2189.0,506.0,1494.0,911.0
978,2026-06-14,DF,15.0,2112.0,31.0,1718.0,63.0,1323.0,169.0,800.0,403.0
979,2026-06-14,ES,0.0,4373.0,2.0,3324.0,10.0,2320.0,75.0,1110.0,365.0
980,2026-06-14,GO,256.0,4774.0,363.0,4093.0,526.0,3386.0,909.0,2388.0,1530.0
981,2026-06-14,MA,15.0,293.0,21.0,251.0,31.0,207.0,55.0,146.0,93.0
982,2026-06-14,MG,52.0,9030.0,110.0,7308.0,232.0,5590.0,659.0,3329.0,1635.0
983,2026-06-14,MS,3.0,1026.0,8.0,822.0,18.0,619.0,60.0,356.0,165.0
984,2026-06-14,MT,27.0,1029.0,43.0,863.0,70.0,694.0,141.0,461.0,270.0
985,2026-06-14,PA,18.0,299.0,25.0,258.0,36.0,215.0,61.0,153.0,100.0
986,2026-06-14,PB,62.0,1060.0,87.0,912.0,125.0,758.0,212.0,539.0,350.0
987,2026-06-14,PE,91.0,1879.0,131.0,1605.0,193.0,1322.0,341.0,924.0,584.0
988,2026-06-14,PI,37.0,724.0,53.0,620.0,78.0,512.0,136.0,360.0,230.0
989,2026-06-14,PR,0.0,5936.0,3.0,4507.0,13.0,3141.0,99.0,1496.0,488.0
990,2026-06-14,RJ,13.0,4481.0,32.0,3581.0,77.0,2690.0,254.0,1537.0,703.0
991,2026-06-14,RN,39.0,1791.0,65.0,1496.0,109.0,1195.0,228.0,783.0,448.0
992,2026-06-14,RO,3.0,137.0,6.0,115.0,9.0,93.0,19.0,62.0,36.0
993,2026-06-14,RR,0.0,254.0,0.0,190.0,0.0,129.0,3.0,58.0,17.0
994,2026-06-14,RS,0.0,2073.0,0.0,1442.0,0.0,874.0,2.0,285.0,41.0
995,2026-06-14,SC,0.0,5414.0,0.0,3666.0,0.0,2127.0,2.0,607.0,65.0
996,2026-06-14,SE,2.0,280.0,4.0,229.0,9.0,177.0,24.0,108.0,56.0
997,2026-06-14,SP,9.0,24002.0,31.0,18523.0,112.0,13227.0,614.0,6695.0,2457.0
998,2026-06-14,TO,16.0,348.0,24.0,297.0,36.0,245.0,63.0,171.0,108.0
999,2026-06-21,AC,2.0,139.0,4.0,116.0,7.0,92.0,16.0,59.0,33.0
1000,2026-06-21,AL,19.0,1960.0,37.0,1605.0,71.0,1249.0,179.0,772.0,403.0
1001,2026-06-21,AM,13.0,246.0,19.0,211.0,28.0,175.0,48.0,124.0,80.0
1002,2026-06-21,AP,0.0,126.0,0.0,99.0,1.0,73.0,5.0,39.0,16.0
1003,2026-06-21,BA,54.0,2656.0,90.0,2214.0,154.0,1764.0,328.0,1149.0,652.0
1004,2026-06-21,CE,110.0,2606.0,162.0,2217.0,244.0,1816.0,444.0,1254.0,779.0
1005,2026-06-21,DF,11.0,1499.0,23.0,1221.0,47.0,943.0,124.0,573.0,291.0
1006,2026-06-21,ES,0.0,4003.0,1.0,3020.0,7.0,2084.0,56.0,967.0,300.0
1007,2026-06-21,GO,248.0,3609.0,339.0,3120.0,473.0,2611.0,775.0,1884.0,1248.0
1008,2026-06-21,MA,11.0,265.0,17.0,226.0,25.0,185.0,46.0,128.0,80.0
1009,2026-06-21,MG,46.0,6036.0,92.0,4914.0,185.0,3790.0,492.0,2299.0,1164.0
1010,2026-06-21,MS,5.0,809.0,10.0,656.0,21.0,503.0,61.0,301.0,149.0
1011,2026-06-21,MT,21.0,986.0,35.0,823.0,59.0,657.0,125.0,431.0,246.0
1012,2026-06-21,PA,17.0,237.0,23.0,205.0,33.0,172.0,53.0,125.0,84.0
1013,2026-06-21,PB,57.0,942.0,79.0,811.0,113.0,675.0,190.0,481.0,313.0
1014,2026-06-21,PE,70.0,1689.0,104.0,1437.0,157.0,1176.0,287.0,812.0,504.0
1015,2026-06-21,PI,31.0,620.0,45.0,531.0,66.0,438.0,116.0,308.0,196.0
1016,2026-06-21,PR,0.0,4709.0,2.0,3559.0,9.0,2464.0,70.0,1153.0,364.0
1017,2026-06-21,RJ,13.0,3418.0,30.0,2745.0,69.0,2077.0,214.0,1207.0,568.0
1018,2026-06-21,RN,41.0,1602.0,66.0,1343.0,107.0,1079.0,218.0,715.0,417.0
1019,2026-06-21,RO,2.0,146.0,4.0,121.0,8.0,96.0,17.0,62.0,35.0
1020,2026-06-21,RR,0.0,212.0,0.0,160.0,0.0,111.0,3.0,52.0,16.0
1021,2026-06-21,RS,0.0,2048.0,0.0,1323.0,0.0,708.0,0.0,157.0,9.0
1022,2026-06-21,SC,0.0,3891.0,0.0,2665.0,0.0,1575.0,2.0,475.0,58.0
1023,2026-06-21,SE,2.0,262.0,4.0,214.0,9.0,166.0,23.0,102.0,52.0
1024,2026-06-21,SP,6.0,19104.0,22.0,14714.0,82.0,10476.0,465.0,5264.0,1906.0
1025,2026-06-21,TO,14.0,259.0,20.0,222.0,29.0,184.0,50.0,130.0,84.0
1026,2026-06-28,AC,3.0,135.0,5.0,113.0,8.0,91.0,18.0,60.0,35.0
1027,2026-06-28,AL,20.0,1735.0,37.0,1427.0,70.0,1115.0,169.0,698.0,371.0
1028,2026-06-28,AM,12.0,212.0,18.0,182.0,25.0,152.0,43.0,109.0,71.0
1029,2026-06-28,AP,0.0,116.0,0.0,91.0,1.0,66.0,4.0,35.0,14.0
1030,2026-06-28,BA,63.0,2284.0,100.0,1919.0,161.0,1546.0,322.0,1031.0,608.0
1031,2026-06-28,CE,110.0,2201.0,158.0,1883.0,231.0,1553.0,406.0,1088.0,691.0
1032,2026-06-28,DF,9.0,1067.0,17.0,871.0,35.0,674.0,91.0,411.0,211.0
1033,2026-06-28,ES,0.0,3559.0,1.0,2689.0,6.0,1861.0,52.0,870.0,274.0
1034,2026-06-28,GO,180.0,2844.0,249.0,2452.0,352.0,2044.0,587.0,1464.0,959.0
1035,2026-06-28,MA,9.0,232.0,14.0,197.0,21.0,162.0,39.0,111.0,69.0
1036,2026-06-28,MG,42.0,4189.0,80.0,3432.0,153.0,2670.0,383.0,1651.0,863.0
1037,2026-06-28,MS,4.0,682.0,8.0,552.0,18.0,423.0,51.0,253.0,125.0
1038,2026-06-28,MT,22.0,772.0,35.0,650.0,57.0,525.0,112.0,352.0,209.0
1039,2026-06-28,PA,14.0,253.0,20.0,217.0,29.0,180.0,50.0,128.0,83.0
1040,2026-06-28,PB,50.0,959.0,71.0,821.0,104.0,679.0,181.0,478.0,306.0
1041,2026-06-28,PE,56.0,1708.0,86.0,1442.0,135.0,1170.0,260.0,792.0,477.0
1042,2026-06-28,PI,28.0,510.0,40.0,437.0,57.0,363.0,99.0,257.0,165.0
1043,2026-06-28,PR,0.0,3214.0,2.0,2458.0,10.0,1732.0,65.0,848.0,292.0
1044,2026-06-28,RJ,14.0,2667.0,30.0,2156.0,66.0,1646.0,190.0,976.0,476.0
1045,2026-06-28,RN,43.0,1356.0,67.0,1144.0,106.0,927.0,204.0,626.0,376.0
1046,2026-06-28,RO,2.0,122.0,4.0,102.0,7.0,81.0,16.0,54.0,31.0
1047,2026-06-28,RR,0.0,220.0,0.0,164.0,0.0,112.0,2.0,50.0,14.0
1048,2026-06-28,RS,0.0,1173.0,0.0,801.0,0.0,472.0,0.0,141.0,17.0
1049,2026-06-28,SC,0.0,2737.0,0.0,1861.0,0.0,1088.0,1.0,317.0,36.0
1050,2026-06-28,SE,1.0,309.0,2.0,247.0,5.0,186.0,18.0,107.0,49.0
1051,2026-06-28,SP,6.0,13283.0,22.0,10297.0,74.0,7402.0,380.0,3809.0,1442.0
1052,2026-06-28,TO,10.0,220.0,15.0,188.0,23.0,155.0,41.0,109.0,69.0
1053,2026-07-05,AC,3.0,128.0,6.0,108.0,9.0,87.0,19.0,59.0,35.0
1054,2026-07-05,AL,18.0,1746.0,34.0,1431.0,66.0,1115.0,163.0,692.0,364.0
1055,2026-07-05,AM,14.0,218.0,20.0,188.0,28.0,157.0,46.0,114.0,75.0
1056,2026-07-05,AP,0.0,178.0,0.0,135.0,0.0,94.0,3.0,44.0,14.0
1057,2026-07-05,BA,56.0,2314.0,91.0,1937.0,150.0,1553.0,308.0,1025.0,594.0
1058,2026-07-05,CE,110.0,2021.0,156.0,1734.0,226.0,1436.0,389.0,1015.0,652.0
1059,2026-07-05,DF,7.0,891.0,14.0,727.0,28.0,562.0,75.0,342.0,175.0
1060,2026-07-05,ES,0.0,3159.0,1.0,2385.0,5.0,1649.0,45.0,769.0,241.0
1061,2026-07-05,GO,173.0,2255.0,232.0,1957.0,319.0,1646.0,511.0,1200.0,807.0
1062,2026-07-05,MA,8.0,226.0,12.0,192.0,19.0,156.0,36.0,106.0,65.0
1063,2026-07-05,MG,36.0,3058.0,67.0,2515.0,125.0,1967.0,300.0,1232.0,656.0
1064,2026-07-05,MS,4.0,521.0,8.0,425.0,16.0,328.0,44.0,200.0,102.0
1065,2026-07-05,MT,18.0,725.0,29.0,608.0,48.0,488.0,98.0,324.0,189.0
1066,2026-07-05,PA,11.0,228.0,17.0,195.0,24.0,161.0,43.0,114.0,72.0
1067,2026-07-05,PB,51.0,916.0,72.0,787.0,104.0,652.0,179.0,462.0,298.0
1068,2026-07-05,PE,51.0,1649.0,79.0,1391.0,126.0,1125.0,245.0,758.0,453.0
1069,2026-07-05,PI,28.0,429.0,38.0,371.0,54.0,310.0,90.0,222.0,146.0
1070,2026-07-05,PR,0.0,2227.0,2.0,1706.0,7.0,1205.0,47.0,593.0,207.0
1071,2026-07-05,RJ,19.0,2074.0,37.0,1695.0,72.0,1315.0,183.0,808.0,418.0
1072,2026-07-05,RN,38.0,1371.0,60.0,1152.0,97.0,929.0,194.0,620.0,365.0
1073,2026-07-05,RO,2.0,109.0,4.0,92.0,7.0,74.0,15.0,49.0,29.0
1074,2026-07-05,RR,0.0,134.0,0.0,104.0,0.0,74.0,4.0,38.0,14.0
1075,2026-07-05,RS,0.0,736.0,0.0,508.0,0.0,305.0,0.0,96.0,13.0
1076,2026-07-05,SC,0.0,1830.0,0.0,1255.0,0.0,744.0,1.0,226.0,28.0
1077,2026-07-05,SE,1.0,343.0,3.0,276.0,7.0,210.0,22.0,122.0,58.0
1078,2026-07-05,SP,5.0,8605.0,17.0,6695.0,56.0,4839.0,269.0,2523.0,979.0
1079,2026-07-05,TO,9.0,187.0,13.0,160.0,19.0,132.0,34.0,92.0,58.0
1080,2026-07-12,AC,3.0,122.0,6.0,103.0,9.0,84.0,18.0,56.0,34.0
1081,2026-07-12,AL,20.0,1687.0,38.0,1388.0,70.0,1087.0,168.0,682.0,365.0
1082,2026-07-12,AM,17.0,212.0,23.0,185.0,32.0,156.0,50.0,115.0,78.0
1083,2026-07-12,AP,0.0,147.0,0.0,114.0,1.0,82.0,4.0,43.0,16.0
1084,2026-07-12,BA,48.0,2198.0,80.0,1836.0,134.0,1466.0,280.0,961.0,551.0
1085,2026-07-12,CE,85.0,1801.0,123.0,1538.0,182.0,1266.0,323.0,883.0,556.0
1086,2026-07-12,DF,8.0,715.0,15.0,587.0,28.0,459.0,69.0,286.0,152.0
1087,2026-07-12,ES,0.0,2504.0,1.0,1902.0,6.0,1327.0,42.0,633.0,207.0
1088,2026-07-12,GO,166.0,1767.0,217.0,1546.0,288.0,1313.0,443.0,976.0,675.0
1089,2026-07-12,MA,5.0,224.0,9.0,188.0,15.0,151.0,31.0,101.0,59.0
1090,2026-07-12,MG,43.0,1997.0,72.0,1667.0,121.0,1332.0,254.0,872.0,499.0
1091,2026-07-12,MS,2.0,432.0,5.0,350.0,11.0,269.0,33.0,161.0,80.0
1092,2026-07-12,MT,21.0,509.0,32.0,433.0,48.0,355.0,87.0,245.0,153.0
1093,2026-07-12,PA,7.0,225.0,11.0,190.0,18.0,154.0,34.0,105.0,63.0
1094,2026-07-12,PB,46.0,862.0,66.0,739.0,95.0,612.0,165.0,432.0,277.0
1095,2026-07-12,PE,57.0,1458.0,86.0,1238.0,131.0,1012.0,241.0,695.0,428.0
1096,2026-07-12,PI,21.0,376.0,30.0,324.0,44.0,269.0,75.0,191.0,124.0
1097,2026-07-12,PR,0.0,1409.0,2.0,1093.0,8.0,786.0,40.0,404.0,153.0
1098,2026-07-12,RJ,20.0,1499.0,37.0,1237.0,67.0,973.0,156.0,615.0,334.0
1099,2026-07-12,RN,37.0,1308.0,58.0,1100.0,93.0,887.0,186.0,592.0,350.0
1100,2026-07-12,RO,2.0,104.0,3.0,87.0,6.0,69.0,13.0,45.0,26.0
1101,2026-07-12,RR,0.0,147.0,0.0,114.0,1.0,82.0,4.0,43.0,16.0
1102,2026-07-12,RS,0.0,363.0,0.0,255.0,0.0,157.0,0.0,53.0,9.0
1103,2026-07-12,SC,0.0,1168.0,0.0,792.0,0.0,460.0,0.0,132.0,14.0
1104,2026-07-12,SE,2.0,303.0,4.0,247.0,9.0,190.0,24.0,115.0,58.0
1105,2026-07-12,SP,8.0,5975.0,23.0,4710.0,63.0,3469.0,252.0,1893.0,798.0
1106,2026-07-12,TO,6.0,165.0,9.0,140.0,14.0,114.0,27.0,79.0,48.0
1107,2026-07-19,AC,2.0,137.0,3.0,113.0,6.0,89.0,15.0,57.0,32.0
1108,2026-07-19,AL,20.0,1485.0,36.0,1226.0,66.0,963.0,155.0,609.0,330.0
1109,2026-07-19,AM,15.0,189.0,20.0,165.0,27.0,139.0,44.0,102.0,69.0
1110,2026-07-19,AP,0.0,156.0,0.0,120.0,0.0,85.0,3.0,42.0,14.0
1111,2026-07-19,BA,39.0,1945.0,66.0,1621.0,112.0,1291.0,239.0,841.0,477.0
1112,2026-07-19,CE,73.0,1620.0,106.0,1381.0,158.0,1134.0,284.0,788.0,493.0
1113,2026-07-19,DF,8.0,563.0,14.0,465.0,25.0,366.0,59.0,232.0,126.0
1114,2026-07-19,ES,0.0,2037.0,1.0,1557.0,6.0,1096.0,41.0,535.0,184.0
1115,2026-07-19,GO,154.0,1482.0,198.0,1302.0,260.0,1112.0,392.0,835.0,586.0
1116,2026-07-19,MA,5.0,207.0,9.0,174.0,14.0,140.0,29.0,94.0,55.0
1117,2026-07-19,MG,36.0,1543.0,59.0,1291.0,98.0,1034.0,202.0,681.0,393.0
1118,2026-07-19,MS,2.0,365.0,4.0,296.0,9.0,226.0,26.0,134.0,65.0
1119,2026-07-19,MT,20.0,419.0,29.0,358.0,43.0,295.0,76.0,206.0,130.0
1120,2026-07-19,PA,8.0,227.0,12.0,192.0,19.0,157.0,36.0,107.0,66.0
1121,2026-07-19,PB,46.0,790.0,65.0,680.0,92.0,565.0,157.0,401.0,260.0
1122,2026-07-19,PE,58.0,1313.0,86.0,1119.0,128.0,919.0,230.0,638.0,399.0
1123,2026-07-19,PI,19.0,339.0,27.0,291.0,39.0,241.0,66.0,171.0,111.0
1124,2026-07-19,PR,0.0,1143.0,1.0,882.0,5.0,630.0,29.0,318.0,117.0
1125,2026-07-19,RJ,21.0,1232.0,37.0,1022.0,64.0,810.0,142.0,522.0,291.0
1126,2026-07-19,RN,34.0,1186.0,53.0,998.0,86.0,805.0,170.0,539.0,319.0
1127,2026-07-19,RO,2.0,88.0,3.0,74.0,6.0,60.0,12.0,40.0,24.0
1128,2026-07-19,RR,0.0,125.0,0.0,98.0,1.0,71.0,4.0,37.0,15.0
1129,2026-07-19,RS,0.0,271.0,0.0,190.0,0.0,117.0,0.0,40.0,6.0
1130,2026-07-19,SC,0.0,792.0,0.0,534.0,0.0,307.0,0.0,85.0,8.0
1131,2026-07-19,SE,2.0,283.0,4.0,230.0,8.0,177.0,22.0,107.0,54.0
1132,2026-07-19,SP,8.0,4589.0,21.0,3630.0,55.0,2687.0,208.0,1483.0,638.0
1133,2026-07-19,TO,4.0,148.0,7.0,125.0,12.0,102.0,23.0,69.0,42.0
1134,2026-07-26,AC,1.0,146.0,2.0,119.0,4.0,91.0,11.0,55.0,28.0
1135,2026-07-26,AL,21.0,1281.0,36.0,1062.0,64.0,840.0,144.0,538.0,298.0
1136,2026-07-26,AM,19.0,158.0,24.0,139.0,31.0,120.0,45.0,92.0,66.0
1137,2026-07-26,AP,0.0,145.0,0.0,113.0,1.0,82.0,5.0,43.0,17.0
1138,2026-07-26,BA,44.0,1505.0,69.0,1266.0,110.0,1022.0,217.0,685.0,406.0
1139,2026-07-26,CE,72.0,1438.0,103.0,1230.0,151.0,1015.0,266.0,712.0,452.0
1140,2026-07-26,DF,5.0,497.0,10.0,408.0,19.0,318.0,47.0,198.0,104.0
1141,2026-07-26,ES,0.0,1872.0,1.0,1434.0,6.0,1012.0,39.0,498.0,173.0
1142,2026-07-26,GO,140.0,1244.0,178.0,1096.0,231.0,939.0,342.0,712.0,505.0
1143,2026-07-26,MA,3.0,204.0,6.0,170.0,11.0,135.0,24.0,88.0,49.0
1144,2026-07-26,MG,35.0,1160.0,55.0,978.0,88.0,791.0,171.0,532.0,318.0
1145,2026-07-26,MS,2.0,289.0,5.0,237.0,10.0,184.0,26.0,114.0,59.0
1146,2026-07-26,MT,18.0,389.0,26.0,332.0,39.0,273.0,69.0,190.0,120.0
1147,2026-07-26,PA,10.0,206.0,15.0,176.0,22.0,146.0,38.0,102.0,65.0
1148,2026-07-26,PB,47.0,653.0,63.0,565.0,88.0,474.0,143.0,344.0,229.0
1149,2026-07-26,PE,52.0,1075.0,75.0,919.0,111.0,758.0,196.0,530.0,336.0
1150,2026-07-26,PI,20.0,258.0,27.0,225.0,37.0,189.0,60.0,139.0,94.0
1151,2026-07-26,PR,0.0,1066.0,1.0,822.0,5.0,587.0,27.0,296.0,108.0
1152,2026-07-26,RJ,20.0,1003.0,34.0,836.0,57.0,666.0,123.0,433.0,246.0
1153,2026-07-26,RN,27.0,1068.0,44.0,896.0,72.0,720.0,146.0,477.0,279.0
1154,2026-07-26,RO,1.0,88.0,3.0,74.0,5.0,59.0,11.0,38.0,22.0
1155,2026-07-26,RR,0.0,112.0,0.0,86.0,0.0,61.0,2.0,30.0,10.0
1156,2026-07-26,RS,0.0,228.0,0.0,161.0,0.0,101.0,0.0,36.0,6.0
1157,2026-07-26,SC,0.0,556.0,0.0,393.0,0.0,244.0,1.0,85.0,14.0
1158,2026-07-26,SE,0.0,371.0,1.0,293.0,4.0,216.0,16.0,118.0,50.0
1159,2026-07-26,SP,7.0,3894.0,18.0,3082.0,48.0,2284.0,179.0,1263.0,546.0
1160,2026-07-26,TO,5.0,128.0,7.0,109.0,11.0,89.0,21.0,61.0,38.0
1161,2026-08-02,AC,1.0,153.0,3.0,126.0,5.0,98.0,14.0,61.0,32.0
1162,2026-08-02,AL,20.0,1183.0,35.0,981.0,61.0,777.0,136.0,500.0,278.0
1163,2026-08-02,AM,13.0,163.0,17.0,141.0,24.0,119.0,38.0,87.0,59.0
1164,2026-08-02,AP,0.0,211.0,0.0,161.0,0.0,114.0,4.0,56.0,19.0
1165,2026-08-02,BA,45.0,1355.0,70.0,1145.0,109.0,930.0,209.0,630.0,381.0
1166,2026-08-02,CE,62.0,1419.0,91.0,1208.0,136.0,991.0,246.0,687.0,429.0
1167,2026-08-02,DF,4.0,488.0,9.0,400.0,17.0,311.0,44.0,192.0,100.0
1168,2026-08-02,ES,0.0,1707.0,1.0,1311.0,6.0,930.0,39.0,462.0,164.0
1169,2026-08-02,GO,151.0,1199.0,189.0,1061.0,241.0,915.0,349.0,701.0,505.0
1170,2026-08-02,MA,3.0,253.0,5.0,208.0,10.0,163.0,25.0,102.0,55.0
1171,2026-08-02,MG,32.0,1006.0,49.0,849.0,78.0,688.0,151.0,464.0,278.0
1172,2026-08-02,MS,3.0,268.0,6.0,222.0,12.0,174.0,28.0,110.0,60.0
1173,2026-08-02,MT,20.0,364.0,29.0,313.0,41.0,259.0,71.0,184.0,119.0
1174,2026-08-02,PA,8.0,259.0,13.0,219.0,20.0,177.0,39.0,120.0,72.0
1175,2026-08-02,PB,37.0,637.0,52.0,548.0,75.0,456.0,127.0,324.0,210.0
1176,2026-08-02,PE,59.0,997.0,83.0,858.0,119.0,714.0,200.0,509.0,331.0
1177,2026-08-02,PI,23.0,214.0,30.0,189.0,39.0,162.0,59.0,122.0,87.0
1178,2026-08-02,PR,0.0,826.0,2.0,644.0,6.0,467.0,27.0,245.0,96.0
1179,2026-08-02,RJ,15.0,1005.0,26.0,831.0,47.0,655.0,108.0,416.0,227.0
1180,2026-08-02,RN,29.0,1002.0,46.0,843.0,73.0,680.0,144.0,456.0,270.0
1181,2026-08-02,RO,2.0,80.0,4.0,67.0,6.0,55.0,12.0,37.0,22.0
1182,2026-08-02,RR,0.0,147.0,0.0,114.0,1.0,82.0,4.0,42.0,16.0
1183,2026-08-02,RS,0.0,174.0,0.0,129.0,0.0,87.0,1.0,38.0,10.0
1184,2026-08-02,SC,0.0,471.0,0.0,335.0,0.0,211.0,1.0,77.0,14.0
1185,2026-08-02,SE,1.0,298.0,2.0,239.0,5.0,180.0,18.0,104.0,48.0
1186,2026-08-02,SP,8.0,3239.0,19.0,2578.0,48.0,1926.0,169.0,1086.0,486.0
1187,2026-08-02,TO,5.0,128.0,8.0,109.0,12.0,90.0,22.0,62.0,39.0
1188,2026-08-09,AC,0.0,162.0,1.0,131.0,3.0,99.0,10.0,58.0,27.0
1189,2026-08-09,AL,22.0,1019.0,37.0,851.0,62.0,680.0,130.0,446.0,255.0
1190,2026-08-09,AM,11.0,163.0,15.0,141.0,21.0,118.0,35.0,85.0,56.0
1191,2026-08-09,AP,0.0,179.0,0.0,139.0,1.0,101.0,6.0,53.0,21.0
1192,2026-08-09,BA,47.0,1134.0,70.0,965.0,106.0,791.0,193.0,546.0,339.0
1193,2026-08-09,CE,65.0,1169.0,92.0,1003.0,133.0,832.0,227.0,589.0,380.0
1194,2026-08-09,DF,3.0,424.0,6.0,345.0,13.0,267.0,35.0,162.0,82.0
1195,2026-08-09,ES,0.0,1487.0,1.0,1145.0,6.0,815.0,36.0,409.0,148.0
1196,2026-08-09,GO,156.0,1017.0,190.0,908.0,236.0,791.0,329.0,619.0,459.0
1197,2026-08-09,MA,3.0,280.0,5.0,229.0,10.0,179.0,26.0,111.0,58.0
1198,2026-08-09,MG,30.0,870.0,46.0,736.0,72.0,599.0,137.0,408.0,248.0
1199,2026-08-09,MS,4.0,200.0,7.0,168.0,12.0,134.0,26.0,88.0,51.0
1200,2026-08-09,MT,18.0,329.0,26.0,282.0,37.0,234.0,64.0,166.0,107.0
1201,2026-08-09,PA,8.0,283.0,13.0,238.0,21.0,193.0,41.0,129.0,77.0
1202,2026-08-09,PB,31.0,604.0,45.0,518.0,66.0,428.0,114.0,302.0,193.0
1203,2026-08-09,PE,63.0,933.0,86.0,807.0,120.0,674.0,199.0,486.0,321.0
1204,2026-08-09,PI,18.0,195.0,24.0,171.0,32.0,146.0,50.0,109.0,76.0
1205,2026-08-09,PR,0.0,673.0,1.0,526.0,5.0,383.0,23.0,202.0,81.0
1206,2026-08-09,RJ,13.0,932.0,23.0,769.0,42.0,605.0,98.0,383.0,208.0
1207,2026-08-09,RN,28.0,1011.0,44.0,850.0,71.0,685.0,143.0,457.0,269.0
1208,2026-08-09,RO,2.0,70.0,4.0,60.0,6.0,49.0,12.0,34.0,21.0
1209,2026-08-09,RR,0.0,144.0,0.0,112.0,1.0,81.0,4.0,42.0,16.0
1210,2026-08-09,RS,0.0,160.0,0.0,113.0,0.0,70.0,0.0,25.0,4.0
1211,2026-08-09,SC,0.0,386.0,0.0,263.0,0.0,154.0,0.0,45.0,5.0
1212,2026-08-09,SE,2.0,261.0,4.0,213.0,8.0,165.0,22.0,101.0,51.0
1213,2026-08-09,SP,9.0,2568.0,21.0,2060.0,49.0,1555.0,156.0,899.0,420.0
1214,2026-08-09,TO,5.0,106.0,7.0,91.0,11.0,75.0,19.0,52.0,33.0
1215,2026-08-16,AC,0.0,171.0,1.0,137.0,3.0,105.0,11.0,61.0,29.0
1216,2026-08-16,AL,20.0,974.0,34.0,813.0,58.0,649.0,122.0,424.0,242.0
1217,2026-08-16,AM,15.0,129.0,19.0,114.0,25.0,98.0,36.0,75.0,53.0
1218,2026-08-16,AP,0.0,161.0,0.0,127.0,1.0,93.0,6.0,50.0,20.0
1219,2026-08-16,BA,44.0,969.0,64.0,826.0,96.0,679.0,171.0,473.0,297.0
1220,2026-08-16,CE,56.0,1084.0,80.0,928.0,116.0,767.0,203.0,539.0,344.0
1221,2026-08-16,DF,3.0,421.0,6.0,343.0,13.0,265.0,35.0,161.0,82.0
1222,2026-08-16,ES,0.0,1258.0,2.0,975.0,7.0,701.0,36.0,361.0,137.0
1223,2026-08-16,GO,165.0,1010.0,200.0,904.0,246.0,791.0,339.0,624.0,467.0
1224,2026-08-16,MA,3.0,269.0,6.0,221.0,11.0,173.0,26.0,109.0,58.0
1225,2026-08-16,MG,31.0,798.0,47.0,678.0,71.0,554.0,132.0,380.0,234.0
1226,2026-08-16,MS,3.0,199.0,6.0,166.0,11.0,132.0,24.0,85.0,48.0
1227,2026-08-16,MT,25.0,279.0,33.0,244.0,44.0,207.0,69.0,153.0,106.0
1228,2026-08-16,PA,9.0,266.0,14.0,225.0,22.0,183.0,41.0,124.0,75.0
1229,2026-08-16,PB,30.0,577.0,43.0,494.0,63.0,409.0,110.0,288.0,185.0
1230,2026-08-16,PE,53.0,848.0,74.0,731.0,104.0,609.0,174.0,436.0,285.0
1231,2026-08-16,PI,18.0,137.0,23.0,121.0,29.0,105.0,41.0,81.0,59.0
1232,2026-08-16,PR,1.0,541.0,2.0,428.0,6.0,317.0,25.0,175.0,75.0
1233,2026-08-16,RJ,13.0,787.0,23.0,654.0,41.0,518.0,90.0,333.0,186.0
1234,2026-08-16,RN,28.0,789.0,43.0,668.0,66.0,544.0,125.0,371.0,226.0
1235,2026-08-16,RO,1.0,63.0,3.0,53.0,5.0,43.0,9.0,29.0,17.0
1236,2026-08-16,RR,0.0,114.0,0.0,91.0,2.0,68.0,6.0,39.0,17.0
1237,2026-08-16,RS,0.0,130.0,0.0,91.0,0.0,56.0,0.0,19.0,3.0
1238,2026-08-16,SC,0.0,333.0,0.0,232.0,0.0,141.0,0.0,46.0,7.0
1239,2026-08-16,SE,2.0,244.0,4.0,200.0,8.0,155.0,22.0,96.0,50.0
1240,2026-08-16,SP,8.0,2245.0,18.0,1800.0,43.0,1359.0,136.0,785.0,366.0
1241,2026-08-16,TO,5.0,115.0,7.0,98.0,11.0,80.0,20.0,56.0,35.0
1242,2026-08-23,AC,0.0,254.0,0.0,198.0,2.0,144.0,9.0,76.0,30.0
1243,2026-08-23,AL,20.0,783.0,32.0,657.0,53.0,528.0,107.0,351.0,205.0
1244,2026-08-23,AM,17.0,109.0,21.0,98.0,26.0,86.0,36.0,68.0,50.0
1245,2026-08-23,AP,0.0,180.0,0.0,139.0,1.0,99.0,5.0,51.0,19.0
1246,2026-08-23,BA,46.0,827.0,65.0,710.0,93.0,588.0,160.0,416.0,268.0
1247,2026-08-23,CE,54.0,876.0,75.0,755.0,107.0,629.0,179.0,450.0,294.0
1248,2026-08-23,DF,2.0,389.0,4.0,314.0,9.0,240.0,27.0,142.0,69.0
1249,2026-08-23,ES,0.0,1227.0,1.0,947.0,5.0,676.0,31.0,341.0,125.0
1250,2026-08-23,GO,154.0,903.0,185.0,810.0,227.0,711.0,310.0,563.0,424.0
1251,2026-08-23,MA,2.0,255.0,4.0,208.0,8.0,161.0,21.0,98.0,50.0
1252,2026-08-23,MG,28.0,790.0,43.0,669.0,66.0,544.0,125.0,371.0,226.0
1253,2026-08-23,MS,4.0,161.0,7.0,136.0,11.0,110.0,23.0,74.0,44.0
1254,2026-08-23,MT,23.0,228.0,30.0,200.0,40.0,171.0,60.0,129.0,90.0
1255,2026-08-23,PA,10.0,252.0,15.0,214.0,22.0,175.0,42.0,120.0,74.0
1256,2026-08-23,PB,28.0,446.0,39.0,385.0,55.0,321.0,92.0,230.0,151.0
1257,2026-08-23,PE,46.0,843.0,66.0,724.0,95.0,600.0,163.0,424.0,273.0
1258,2026-08-23,PI,19.0,131.0,24.0,117.0,30.0,102.0,42.0,80.0,59.0
1259,2026-08-23,PR,1.0,545.0,2.0,431.0,6.0,320.0,25.0,177.0,76.0
1260,2026-08-23,RJ,13.0,702.0,22.0,583.0,38.0,463.0,83.0,300.0,168.0
1261,2026-08-23,RN,25.0,649.0,38.0,551.0,58.0,450.0,107.0,309.0,191.0
1262,2026-08-23,RO,1.0,53.0,2.0,45.0,4.0,36.0,8.0,25.0,15.0
1263,2026-08-23,RR,0.0,83.0,0.0,67.0,2.0,51.0,5.0,30.0,14.0
1264,2026-08-23,RS,0.0,92.0,0.0,66.0,0.0,43.0,0.0,17.0,4.0
1265,2026-08-23,SC,0.0,298.0,0.0,202.0,0.0,117.0,0.0,33.0,3.0
1266,2026-08-23,SE,1.0,239.0,3.0,194.0,6.0,149.0,18.0,89.0,44.0
1267,2026-08-23,SP,8.0,1994.0,19.0,1604.0,42.0,1216.0,129.0,710.0,337.0
1268,2026-08-23,TO,4.0,90.0,7.0,77.0,10.0,64.0,17.0,45.0,29.0
1269,2026-08-30,AC,0.0,447.0,0.0,341.0,1.0,238.0,8.0,115.0,38.0
1270,2026-08-30,AL,15.0,801.0,26.0,667.0,45.0,530.0,97.0,344.0,194.0
1271,2026-08-30,AM,17.0,114.0,20.0,102.0,26.0,89.0,36.0,70.0,51.0
1272,2026-08-30,AP,0.0,150.0,0.0,118.0,1.0,86.0,5.0,46.0,19.0
1273,2026-08-30,BA,36.0,818.0,53.0,697.0,79.0,573.0,143.0,398.0,249.0
1274,2026-08-30,CE,48.0,675.0,65.0,585.0,90.0,490.0,147.0,355.0,236.0
1275,2026-08-30,DF,1.0,410.0,3.0,329.0,8.0,249.0,26.0,145.0,68.0
1276,2026-08-30,ES,0.0,1052.0,1.0,816.0,6.0,586.0,30.0,302.0,114.0
1277,2026-08-30,GO,127.0,905.0,157.0,805.0,197.0,699.0,280.0,542.0,396.0
1278,2026-08-30,MA,2.0,186.0,4.0,153.0,8.0,121.0,20.0,77.0,42.0
1279,2026-08-30,MG,26.0,680.0,39.0,577.0,60.0,471.0,111.0,323.0,198.0
1280,2026-08-30,MS,4.0,173.0,6.0,145.0,11.0,116.0,23.0,76.0,44.0
1281,2026-08-30,MT,23.0,189.0,29.0,167.0,37.0,144.0,54.0,110.0,79.0
1282,2026-08-30,PA,9.0,221.0,13.0,188.0,20.0,154.0,38.0,107.0,66.0
1283,2026-08-30,PB,22.0,480.0,32.0,410.0,48.0,337.0,85.0,235.0,147.0
1284,2026-08-30,PE,33.0,837.0,49.0,711.0,75.0,581.0,139.0,399.0,246.0
1285,2026-08-30,PI,12.0,123.0,16.0,108.0,21.0,93.0,33.0,70.0,49.0
1286,2026-08-30,PR,1.0,446.0,3.0,356.0,8.0,268.0,25.0,154.0,71.0
1287,2026-08-30,RJ,13.0,580.0,22.0,485.0,37.0,389.0,76.0,256.0,148.0
1288,2026-08-30,RN,18.0,562.0,28.0,474.0,44.0,385.0,86.0,260.0,157.0
1289,2026-08-30,RO,2.0,45.0,3.0,38.0,4.0,32.0,8.0,22.0,14.0
1290,2026-08-30,RR,0.0,80.0,0.0,64.0,1.0,48.0,4.0,27.0,12.0
1291,2026-08-30,RS,0.0,84.0,0.0,62.0,0.0,42.0,0.0,18.0,5.0
1292,2026-08-30,SC,0.0,212.0,0.0,150.0,0.0,94.0,0.0,34.0,6.0
1293,2026-08-30,SE,1.0,188.0,2.0,153.0,5.0,118.0,15.0,72.0,36.0
1294,2026-08-30,SP,9.0,1725.0,20.0,1394.0,42.0,1065.0,123.0,632.0,308.0
1295,2026-08-30,TO,3.0,90.0,4.0,76.0,7.0,62.0,14.0,42.0,26.0
1296,2026-09-06,AC,0.0,615.0,0.0,461.0,0.0,314.0,7.0,142.0,41.0
1297,2026-09-06,AL,17.0,711.0,27.0,595.0,45.0,477.0,94.0,314.0,182.0
1298,2026-09-06,AM,17.0,114.0,21.0,102.0,27.0,89.0,37.0,70.0,52.0
1299,2026-09-06,AP,0.0,133.0,0.0,104.0,1.0,76.0,5.0,41.0,16.0
1300,2026-09-06,BA,31.0,775.0,46.0,659.0,71.0,539.0,130.0,371.0,229.0
1301,2026-09-06,CE,47.0,620.0,64.0,538.0,88.0,453.0,141.0,330.0,222.0
1302,2026-09-06,DF,1.0,452.0,3.0,361.0,7.0,270.0,24.0,154.0,69.0
1303,2026-09-06,ES,0.0,1018.0,1.0,786.0,5.0,562.0,26.0,285.0,105.0
1304,2026-09-06,GO,123.0,917.0,153.0,814.0,193.0,704.0,277.0,543.0,395.0
1305,2026-09-06,MA,3.0,172.0,5.0,144.0,10.0,114.0,21.0,75.0,42.0
1306,2026-09-06,MG,31.0,682.0,45.0,581.0,67.0,478.0,120.0,332.0,209.0
1307,2026-09-06,MS,4.0,138.0,7.0,117.0,11.0,95.0,21.0,65.0,39.0
1308,2026-09-06,MT,28.0,182.0,34.0,163.0,42.0,142.0,59.0,111.0,83.0
1309,2026-09-06,PA,6.0,233.0,10.0,196.0,16.0,158.0,33.0,106.0,63.0
1310,2026-09-06,PB,17.0,445.0,26.0,378.0,39.0,308.0,73.0,212.0,130.0
1311,2026-09-06,PE,30.0,849.0,46.0,719.0,71.0,585.0,135.0,399.0,243.0
1312,2026-09-06,PI,10.0,114.0,13.0,100.0,18.0,85.0,28.0,63.0,43.0
1313,2026-09-06,PR,1.0,462.0,3.0,369.0,7.0,276.0,25.0,157.0,71.0
1314,2026-09-06,RJ,11.0,579.0,19.0,482.0,32.0,384.0,70.0,249.0,141.0
1315,2026-09-06,RN,29.0,456.0,40.0,394.0,57.0,329.0,95.0,236.0,155.0
1316,2026-09-06,RO,1.0,50.0,3.0,43.0,4.0,35.0,8.0,24.0,15.0
1317,2026-09-06,RR,0.0,94.0,0.0,73.0,0.0,53.0,3.0,28.0,11.0
1318,2026-09-06,RS,0.0,97.0,0.0,66.0,0.0,39.0,0.0,12.0,1.0
1319,2026-09-06,SC,0.0,215.0,0.0,146.0,0.0,85.0,0.0,24.0,3.0
1320,2026-09-06,SE,1.0,228.0,3.0,185.0,6.0,142.0,18.0,86.0,43.0
1321,2026-09-06,SP,7.0,1855.0,17.0,1491.0,38.0,1130.0,118.0,658.0,311.0
1322,2026-09-06,TO,3.0,74.0,4.0,63.0,7.0,52.0,12.0,36.0,22.0
1323,2026-09-13,AC,0.0,842.0,0.0,630.0,1.0,430.0,9.0,194.0,56.0
1324,2026-09-13,AL,17.0,598.0,27.0,503.0,43.0,406.0,86.0,272.0,161.0
1325,2026-09-13,AM,18.0,139.0,23.0,123.0,29.0,107.0,42.0,83.0,60.0
1326,2026-09-13,AP,0.0,119.0,0.0,95.0,1.0,71.0,6.0,40.0,17.0
1327,2026-09-13,BA,36.0,699.0,52.0,599.0,76.0,495.0,132.0,349.0,223.0
1328,2026-09-13,CE,42.0,541.0,56.0,470.0,77.0,396.0,123.0,289.0,195.0
1329,2026-09-13,DF,2.0,449.0,4.0,361.0,9.0,274.0,29.0,160.0,76.0
1330,2026-09-13,ES,0.0,1171.0,1.0,905.0,6.0,648.0,31.0,330.0,122.0
1331,2026-09-13,GO,150.0,945.0,182.0,845.0,225.0,738.0,311.0,580.0,432.0
1332,2026-09-13,MA,4.0,139.0,7.0,118.0,11.0,96.0,22.0,65.0,40.0
1333,2026-09-13,MG,33.0,784.0,49.0,668.0,74.0,547.0,134.0,378.0,236.0
1334,2026-09-13,MS,5.0,168.0,8.0,142.0,13.0,115.0,25.0,78.0,47.0
1335,2026-09-13,MT,34.0,175.0,40.0,158.0,49.0,140.0,65.0,113.0,87.0
1336,2026-09-13,PA,8.0,218.0,12.0,185.0,19.0,151.0,35.0,104.0,64.0
1337,2026-09-13,PB,15.0,393.0,23.0,334.0,35.0,273.0,65.0,187.0,115.0
1338,2026-09-13,PE,26.0,815.0,41.0,688.0,64.0,558.0,124.0,377.0,227.0
1339,2026-09-13,PI,10.0,85.0,13.0,76.0,16.0,65.0,24.0,50.0,36.0
1340,2026-09-13,PR,1.0,527.0,2.0,418.0,7.0,310.0,25.0,173.0,75.0
1341,2026-09-13,RJ,10.0,640.0,18.0,530.0,32.0,420.0,72.0,269.0,149.0
1342,2026-09-13,RN,27.0,410.0,38.0,354.0,53.0,296.0,88.0,214.0,141.0
1343,2026-09-13,RO,1.0,48.0,2.0,41.0,3.0,33.0,7.0,22.0,13.0
1344,2026-09-13,RR,0.0,93.0,0.0,73.0,0.0,52.0,3.0,27.0,10.0
1345,2026-09-13,RS,0.0,90.0,0.0,65.0,0.0,42.0,0.0,16.0,3.0
1346,2026-09-13,SC,0.0,199.0,0.0,143.0,0.0,92.0,0.0,35.0,7.0
1347,2026-09-13,SE,0.0,246.0,2.0,197.0,4.0,148.0,14.0,85.0,39.0
1348,2026-09-13,SP,10.0,1883.0,22.0,1523.0,48.0,1165.0,136.0,693.0,339.0
1349,2026-09-13,TO,3.0,83.0,4.0,71.0,7.0,58.0,14.0,40.0,25.0
1350,2026-09-20,AC,0.0,875.0,0.0,653.0,1.0,444.0,9.0,199.0,57.0
1351,2026-09-20,AL,16.0,608.0,26.0,511.0,42.0,411.0,85.0,274.0,161.0
1352,2026-09-20,AM,18.0,124.0,22.0,111.0,27.0,96.0,39.0,75.0,55.0
1353,2026-09-20,AP,0.0,135.0,0.0,107.0,2.0,80.0,6.0,44.0,19.0
1354,2026-09-20,BA,37.0,626.0,52.0,539.0,75.0,449.0,126.0,320.0,208.0
1355,2026-09-20,CE,43.0,468.0,56.0,409.0,75.0,347.0,116.0,258.0,178.0
1356,2026-09-20,DF,1.0,434.0,2.0,346.0,7.0,259.0,23.0,147.0,66.0
1357,2026-09-20,ES,0.0,1129.0,1.0,871.0,5.0,621.0,28.0,314.0,115.0
1358,2026-09-20,GO,155.0,962.0,188.0,861.0,232.0,753.0,320.0,593.0,443.0
1359,2026-09-20,MA,5.0,123.0,7.0,105.0,11.0,86.0,21.0,59.0,37.0
1360,2026-09-20,MG,29.0,830.0,44.0,702.0,68.0,571.0,130.0,388.0,235.0
1361,2026-09-20,MS,6.0,165.0,9.0,140.0,14.0,115.0,27.0,79.0,48.0
1362,2026-09-20,MT,28.0,189.0,34.0,169.0,43.0,147.0,60.0,115.0,85.0
1363,2026-09-20,PA,6.0,230.0,10.0,194.0,16.0,156.0,32.0,104.0,61.0
1364,2026-09-20,PB,15.0,366.0,23.0,311.0,34.0,255.0,63.0,177.0,110.0
1365,2026-09-20,PE,29.0,714.0,43.0,607.0,66.0,497.0,120.0,343.0,212.0
1366,2026-09-20,PI,8.0,81.0,11.0,71.0,14.0,61.0,22.0,46.0,32.0
1367,2026-09-20,PR,1.0,510.0,3.0,406.0,7.0,302.0,26.0,170.0,75.0
1368,2026-09-20,RJ,11.0,609.0,19.0,506.0,33.0,402.0,72.0,260.0,146.0
1369,2026-09-20,RN,29.0,355.0,39.0,310.0,53.0,261.0,84.0,192.0,130.0
1370,2026-09-20,RO,1.0,63.0,2.0,53.0,4.0,43.0,8.0,28.0,16.0
1371,2026-09-20,RR,0.0,76.0,0.0,61.0,1.0,45.0,4.0,26.0,12.0
1372,2026-09-20,RS,0.0,89.0,0.0,62.0,0.0,38.0,0.0,13.0,2.0
1373,2026-09-20,SC,0.0,222.0,0.0,154.0,0.0,92.0,0.0,29.0,4.0
1374,2026-09-20,SE,0.0,257.0,1.0,205.0,4.0,154.0,14.0,87.0,40.0
1375,2026-09-20,SP,14.0,1790.0,27.0,1458.0,55.0,1126.0,147.0,684.0,347.0
1376,2026-09-20,TO,3.0,80.0,4.0,68.0,7.0,56.0,13.0,38.0,24.0
1377,2026-09-27,AC,0.0,884.0,0.0,658.0,1.0,444.0,8.0,195.0,54.0
1378,2026-09-27,AL,17.0,533.0,26.0,450.0,42.0,365.0,81.0,247.0,148.0
1379,2026-09-27,AM,13.0,168.0,17.0,146.0,24.0,123.0,39.0,90.0,61.0
1380,2026-09-27,AP,0.0,118.0,0.0,94.0,2.0,71.0,6.0,40.0,18.0
1381,2026-09-27,BA,46.0,552.0,62.0,481.0,84.0,407.0,131.0,299.0,204.0
1382,2026-09-27,CE,32.0,430.0,44.0,373.0,60.0,314.0,97.0,229.0,154.0
1383,2026-09-27,DF,2.0,436.0,5.0,352.0,10.0,269.0,30.0,159.0,77.0
1384,2026-09-27,ES,0.0,1120.0,1.0,861.0,4.0,611.0,26.0,304.0,108.0
1385,2026-09-27,GO,174.0,903.0,206.0,815.0,248.0,720.0,331.0,578.0,443.0
1386,2026-09-27,MA,1.0,101.0,3.0,84.0,5.0,67.0,12.0,43.0,24.0
1387,2026-09-27,MG,33.0,782.0,49.0,665.0,73.0,545.0,134.0,377.0,234.0
1388,2026-09-27,MS,8.0,170.0,11.0,145.0,17.0,120.0,31.0,84.0,53.0
1389,2026-09-27,MT,24.0,181.0,30.0,160.0,38.0,139.0,55.0,107.0,78.0
1390,2026-09-27,PA,8.0,208.0,12.0,177.0,19.0,145.0,35.0,100.0,62.0
1391,2026-09-27,PB,11.0,326.0,17.0,276.0,27.0,225.0,51.0,153.0,93.0
1392,2026-09-27,PE,25.0,769.0,39.0,650.0,61.0,527.0,118.0,357.0,215.0
1393,2026-09-27,PI,7.0,65.0,9.0,58.0,12.0,50.0,18.0,38.0,27.0
1394,2026-09-27,PR,1.0,514.0,4.0,412.0,9.0,310.0,30.0,178.0,82.0
1395,2026-09-27,RJ,11.0,561.0,18.0,468.0,32.0,372.0,68.0,242.0,137.0
1396,2026-09-27,RN,29.0,286.0,38.0,252.0,50.0,215.0,76.0,162.0,113.0
1397,2026-09-27,RO,2.0,56.0,3.0,48.0,5.0,39.0,10.0,27.0,17.0
1398,2026-09-27,RR,0.0,59.0,0.0,47.0,0.0,35.0,3.0,19.0,8.0
1399,2026-09-27,RS,0.0,96.0,0.0,66.0,0.0,40.0,0.0,12.0,2.0
1400,2026-09-27,SC,0.0,202.0,0.0,138.0,0.0,82.0,0.0,25.0,3.0
1401,2026-09-27,SE,0.0,189.0,1.0,152.0,3.0,115.0,12.0,67.0,31.0
1402,2026-09-27,SP,12.0,1794.0,24.0,1456.0,50.0,1119.0,139.0,672.0,335.0
1403,2026-09-27,TO,1.0,97.0,3.0,81.0,5.0,64.0,11.0,42.0,23.0
